-- phpMyAdmin SQL Dump
-- version 2.10.3
-- http://www.phpmyadmin.net
-- 
-- 主机: localhost
-- 生成日期: 2017 年 11 月 07 日 07:14
-- 服务器版本: 5.0.51
-- PHP 版本: 5.2.6

SET SQL_MODE="NO_AUTO_VALUE_ON_ZERO";

-- 
-- 数据库: `termusi`
-- 

-- --------------------------------------------------------

-- 
-- 表的结构 `backmenu`
-- 

CREATE TABLE `backmenu` (
  `id_backmenu` int(11) NOT NULL auto_increment,
  `lang` int(1) NOT NULL default '1',
  `name` varchar(25) NOT NULL,
  `remark` text NOT NULL,
  `url` varchar(100) NOT NULL,
  `fatherid` int(11) NOT NULL,
  `level` int(1) NOT NULL,
  `ordernum` int(11) NOT NULL,
  `dele` int(1) NOT NULL default '1',
  PRIMARY KEY  (`id_backmenu`)
) ENGINE=MyISAM  DEFAULT CHARSET=utf8 AUTO_INCREMENT=50 ;

-- 
-- 导出表中的数据 `backmenu`
-- 

INSERT INTO `backmenu` VALUES (1, 1, '产品系统', '', 'product', 0, 1, 2, 1);
INSERT INTO `backmenu` VALUES (3, 1, '信息系统', '', 'news', 0, 1, 3, 1);
INSERT INTO `backmenu` VALUES (4, 1, '人事系统', '', 'hr', 0, 1, 4, 1);
INSERT INTO `backmenu` VALUES (5, 1, '权限系统', '', 'perm', 0, 1, 5, 1);
INSERT INTO `backmenu` VALUES (6, 1, '数据库备份', '', 'dbase', 0, 1, 6, 1);
INSERT INTO `backmenu` VALUES (9, 1, '产品管理', '', '/admin/product/product_manage.php', 1, 2, 9, 1);
INSERT INTO `backmenu` VALUES (8, 1, '产品目录', '', '/admin/product/product_dir.php', 1, 2, 8, 1);
INSERT INTO `backmenu` VALUES (47, 1, '区块管理', '', '/admin/siteset/layout.php', 44, 2, 47, 1);
INSERT INTO `backmenu` VALUES (15, 1, '信息分类', '', '/admin/news/news_dir.php', 3, 2, 15, 1);
INSERT INTO `backmenu` VALUES (16, 1, '信息管理', '', '/admin/news/news_manage.php', 3, 2, 16, 1);
INSERT INTO `backmenu` VALUES (17, 1, '员工档案', '', '/admin/hr/hr_staff.php', 4, 2, 17, 1);
INSERT INTO `backmenu` VALUES (18, 1, '考核统计', '', '/admin/hr/hr_exam.php', 4, 2, 18, 1);
INSERT INTO `backmenu` VALUES (19, 1, '招聘管理', '', '/admin/hr/hr_job.php', 4, 2, 19, 1);
INSERT INTO `backmenu` VALUES (20, 1, '系统菜单', '', '/admin/perm/perm_menu.php', 5, 2, 20, 1);
INSERT INTO `backmenu` VALUES (21, 1, '权限管理', '', '/admin/perm/perm_manage.php', 5, 2, 21, 1);
INSERT INTO `backmenu` VALUES (22, 1, '数据库备份', '', '/phpMyAdmin/', 6, 2, 22, 1);
INSERT INTO `backmenu` VALUES (48, 1, '版面管理', '', '/admin/siteset/pageset.php', 44, 2, 48, 1);
INSERT INTO `backmenu` VALUES (39, 1, '信息回收站', '', '/admin/news/newsrecycle.php', 3, 2, 39, 1);
INSERT INTO `backmenu` VALUES (41, 1, '产品回收站', '', '/admin/product/productrecycle.php', 1, 2, 41, 1);
INSERT INTO `backmenu` VALUES (46, 1, '站点设定', '', '/admin/siteset/siteset.php', 44, 2, 46, 1);
INSERT INTO `backmenu` VALUES (44, 1, '站点管理', '', 'siteset', 0, 1, 1, 1);
INSERT INTO `backmenu` VALUES (49, 1, '前台菜单', '', '/admin/siteset/webmenu.php', 44, 2, 49, 1);

-- --------------------------------------------------------

-- 
-- 表的结构 `dept`
-- 

CREATE TABLE `dept` (
  `id_dept` int(11) NOT NULL auto_increment,
  `dept` varchar(25) NOT NULL,
  `lang` int(1) NOT NULL default '1',
  PRIMARY KEY  (`id_dept`)
) ENGINE=MyISAM  DEFAULT CHARSET=utf8 AUTO_INCREMENT=37 ;

-- 
-- 导出表中的数据 `dept`
-- 

INSERT INTO `dept` VALUES (36, '111', 1);
INSERT INTO `dept` VALUES (35, 'q', 1);

-- --------------------------------------------------------

-- 
-- 表的结构 `exam`
-- 

CREATE TABLE `exam` (
  `id_exam` int(11) NOT NULL auto_increment,
  `lang` int(1) NOT NULL default '1',
  `name` varchar(25) NOT NULL,
  `level` varchar(1) NOT NULL,
  `examdate` date NOT NULL,
  PRIMARY KEY  (`id_exam`)
) ENGINE=MyISAM  DEFAULT CHARSET=utf8 AUTO_INCREMENT=26 ;

-- 
-- 导出表中的数据 `exam`
-- 

INSERT INTO `exam` VALUES (15, 1, 'dd', 'D', '2010-10-01');
INSERT INTO `exam` VALUES (16, 1, 'ww', 'D', '2010-09-01');
INSERT INTO `exam` VALUES (17, 1, 'dr', 'D', '2010-12-01');
INSERT INTO `exam` VALUES (18, 1, 'rr', 'S', '2010-12-01');
INSERT INTO `exam` VALUES (19, 1, 'tt', 'T', '2010-10-01');
INSERT INTO `exam` VALUES (20, 1, '张荣', 'F', '2010-08-01');
INSERT INTO `exam` VALUES (21, 1, '收发', 'D', '2010-06-01');
INSERT INTO `exam` VALUES (22, 1, '张荣', 'F', '2010-12-01');
INSERT INTO `exam` VALUES (23, 1, '吕品', 'U', '2010-05-01');
INSERT INTO `exam` VALUES (24, 1, '囸打开', 'G', '2010-04-01');
INSERT INTO `exam` VALUES (25, 1, 'ss', 'S', '2010-12-01');

-- --------------------------------------------------------

-- 
-- 表的结构 `hr`
-- 

CREATE TABLE `hr` (
  `id_hr` int(11) NOT NULL auto_increment,
  `lang` int(1) NOT NULL default '1',
  `name` varchar(25) NOT NULL,
  `sex` int(1) NOT NULL default '1',
  `birthday` date NOT NULL,
  `hrcode` varchar(10) NOT NULL,
  `dept` int(11) NOT NULL,
  `iswork` int(1) NOT NULL default '1',
  `idcard` varchar(28) NOT NULL,
  `ismarry` int(1) NOT NULL,
  `nation` varchar(30) NOT NULL,
  `native` varchar(30) NOT NULL,
  `register` varchar(60) NOT NULL,
  `inwork` date NOT NULL,
  `education` varchar(20) NOT NULL,
  `profession` varchar(20) NOT NULL,
  `school` varchar(40) NOT NULL,
  `political` varchar(20) NOT NULL,
  `post` int(11) NOT NULL,
  `title` int(11) NOT NULL,
  `address` varchar(60) NOT NULL,
  `hometel` varchar(20) NOT NULL,
  `mobi` varchar(20) NOT NULL,
  `photo` varchar(50) NOT NULL,
  `hjqk` text NOT NULL,
  `cfqk` text NOT NULL,
  `gwbd` text NOT NULL,
  `ldht` text NOT NULL,
  `sbjn` text NOT NULL,
  `remark` text NOT NULL,
  `user` varchar(20) NOT NULL,
  `password` varchar(64) NOT NULL,
  `dele` int(1) NOT NULL default '1',
  `level` int(1) NOT NULL default '1',
  `indate` datetime NOT NULL,
  `modate` datetime NOT NULL,
  `deldate` datetime NOT NULL,
  `logindate` datetime NOT NULL,
  `loginip` varchar(16) NOT NULL,
  PRIMARY KEY  (`id_hr`)
) ENGINE=MyISAM  DEFAULT CHARSET=utf8 AUTO_INCREMENT=59 ;

-- 
-- 导出表中的数据 `hr`
-- 

INSERT INTO `hr` VALUES (1, 1, 'administrator', 1, '0000-00-00', '', 36, 1, '', 0, '', '', '', '2011-01-29', '', '', '', '', 9, 15, '', '', '', '', '', '', '', '', '', '', 'admin', 'admin888', 1, 1, '2011-01-29 18:08:13', '2011-02-25 22:22:35', '0000-00-00 00:00:00', '2011-12-04 14:46:51', '58.39.105.124');

-- --------------------------------------------------------

-- 
-- 表的结构 `layout`
-- 

CREATE TABLE `layout` (
  `id_layout` int(11) NOT NULL auto_increment,
  `lang` int(1) NOT NULL default '1',
  `title` varchar(250) NOT NULL,
  `url` text NOT NULL,
  `intro` text NOT NULL,
  `content` text NOT NULL,
  `openstat` int(1) NOT NULL default '1',
  PRIMARY KEY  (`id_layout`)
) ENGINE=MyISAM  DEFAULT CHARSET=utf8 AUTO_INCREMENT=12 ;

-- 
-- 导出表中的数据 `layout`
-- 

INSERT INTO `layout` VALUES (1, 1, '页脚-版权所有文字', '', 'Copyright © 2011 伊澄贸易有限公司  版权所有 Email: info@ty-sh.com biz@ty-sh.com 电话:021-37691017    \r\n地址:上海市长宁区中山西路945号C栋1602室 \r\n', 'Copyright &copy; 2011 伊澄贸易有限公司&nbsp; 版权所有&nbsp; 电话:021-37691017&nbsp;&nbsp;传真:021-37691017&nbsp;&nbsp;&nbsp;&nbsp; Email: info@ty-sh.com<br />\r\n地址:上海市长宁区中山西路945号C栋1602室 <br />', 1);
INSERT INTO `layout` VALUES (2, 1, '页脚-菜单链接文字', '', '页脚-菜单链接文字', '<a target="_self" href="/about/aboutus.php">关于我们</a> | <a target="_self" href="/about/contactus.php">联系方式</a>| <a onclick="needsendmail();" href="javascript:void(0)">在线留言</a>| <a target="_self" href="/news/joinus.php">人才招聘</a>| <a target="_self" href="/about/link.php">营销网络</a>', 1);
INSERT INTO `layout` VALUES (3, 1, '全局-快速导航', '', '全局-快速导航', '<table border="0" cellspacing="2" cellpadding="2" width="180">\r\n    <tbody>\r\n        <tr>\r\n            <td align="left"><img alt="" width="4" height="7" src="/inc/pics/icon005.gif" /> <a class="link_navi" href="/about/aboutus.php">公司简介</a></td>\r\n            <td align="left"><img alt="" width="4" height="7" src="/inc/pics/icon005.gif" /> <a class="link_navi" href="/about/culture.php">企业文化</a></td>\r\n        </tr>\r\n        <tr>\r\n            <td align="left"><img alt="" width="4" height="7" src="/inc/pics/icon005.gif" /> <a class="link_navi" href="/about/honor.php">公司荣誉</a></td>\r\n            <td align="left"><img alt="" width="4" height="7" src="/inc/pics/icon005.gif" /> <a class="link_navi" href="/about/equipment.php">设备展示</a></td>\r\n        </tr>\r\n        <tr>\r\n            <td align="left"><img alt="" width="4" height="7" src="/inc/pics/icon005.gif" /> <a class="link_navi" href="/about/organization.php">组织机构</a></td>\r\n            <td align="left"><img alt="" width="4" height="7" src="/inc/pics/icon005.gif" /> <a class="link_navi" href="/about/development.php">发展历程</a></td>\r\n        </tr>\r\n        <tr>\r\n            <td align="left"><img alt="" width="4" height="7" src="/inc/pics/icon005.gif" /> <a class="link_navi" href="/about/see.php">总裁致辞</a></td>\r\n            <td align="left"><img alt="" width="4" height="7" src="/inc/pics/icon005.gif" /> <a class="link_navi" href="/about/marketing.php">营销网络</a></td>\r\n        </tr>\r\n    </tbody>\r\n</table>', 1);
INSERT INTO `layout` VALUES (4, 1, '首页-公司简介', '/about/aboutus.php', '首页-公司简介  图片尺寸 139 X 102', '<table border="0" cellspacing="0" cellpadding="0" width="95%">\r\n    <tbody>\r\n        <tr>\r\n            <td>&nbsp;</td>\r\n            <td>&nbsp;</td>\r\n        </tr>\r\n        <tr>\r\n            <td width="33%" align="left"><img alt="" width="139" height="102" src="/upload/layout/1302857994.jpg" /></td>\r\n            <td class="txt" width="67%">杭州某某纺织品公司是一家专业经营家用纺织品的企业，公司在产品开发、设计、生产制造、品牌建立、市场营销方面实行一体化策略，并形成规模兼独具特色的家纺企业。工业园区总占地160亩，集专家设计、办公、生产、仓储、物流、员工食宿于一体，拥有先进生产设备、现代办公设施。</td>\r\n        </tr>\r\n    </tbody>\r\n</table>', 1);
INSERT INTO `layout` VALUES (5, 1, '首页-友情链接', '', '首页-友情链接', '<select style="width: 160px" id="select" name="select">\r\n<option value="1" selected="selected">---------- 请 选 择 --------</option>\r\n<option value="1">1</option>\r\n<option value="1">2</option>\r\n<option value="1">3</option>\r\n</select>', 1);
INSERT INTO `layout` VALUES (7, 1, '全局-BANNER图', '', '全局-BANNER图-\r\n尺寸1002 X 239', '', 1);
INSERT INTO `layout` VALUES (8, 1, '首页- 人才招聘 图片', '', '首页- 人才招聘 图片 205 X 112', '<a href="/news/joinus.php"><img border="0" alt="" src="/upload/layout/1302921389.jpg" /></a>', 1);
INSERT INTO `layout` VALUES (9, 1, '首页-产品展示', '', '首页-在线留言 图片 270 X 141', '', 1);
INSERT INTO `layout` VALUES (10, 1, '全局-LOGO', '', '全局-LOGO 图片 173X 63', '<a href="/"><img border="0" alt="" src="/upload/layout/1321754894.gif" /></a>', 1);
INSERT INTO `layout` VALUES (11, 1, '全局-咨询热线', '', '全局-咨询热线  266 X 22', '', 1);

-- --------------------------------------------------------

-- 
-- 表的结构 `layoutpic`
-- 

CREATE TABLE `layoutpic` (
  `id_layoutpic` int(11) NOT NULL auto_increment,
  `id_layout` int(11) NOT NULL,
  `id_hr` int(11) NOT NULL,
  `title` varchar(250) NOT NULL,
  `intro` text NOT NULL,
  `url` varchar(250) NOT NULL,
  `opicname` varchar(250) NOT NULL,
  `spicname` varchar(250) NOT NULL,
  `dele` int(1) NOT NULL default '1',
  `type` varchar(3) NOT NULL,
  `indate` datetime NOT NULL,
  `modate` datetime NOT NULL,
  `deldate` datetime NOT NULL,
  `browsecount` int(11) NOT NULL,
  PRIMARY KEY  (`id_layoutpic`)
) ENGINE=MyISAM  DEFAULT CHARSET=utf8 AUTO_INCREMENT=25 ;

-- 
-- 导出表中的数据 `layoutpic`
-- 

INSERT INTO `layoutpic` VALUES (1, 4, 1, '', '', '', '1302857994.jpg', '', 1, 'JPG', '2011-04-15 04:59:55', '0000-00-00 00:00:00', '0000-00-00 00:00:00', 0);
INSERT INTO `layoutpic` VALUES (5, 8, 1, '', '', '', '1302921389.jpg', '', 1, 'JPG', '2011-04-15 22:36:30', '0000-00-00 00:00:00', '0000-00-00 00:00:00', 0);
INSERT INTO `layoutpic` VALUES (6, 0, 1, '', '', '', '', '', 1, '', '2011-04-15 22:40:07', '0000-00-00 00:00:00', '0000-00-00 00:00:00', 0);
INSERT INTO `layoutpic` VALUES (14, 9, 1, '', '', '', '1321765283.gif', '', 1, 'GIF', '2011-11-20 13:01:23', '0000-00-00 00:00:00', '0000-00-00 00:00:00', 0);
INSERT INTO `layoutpic` VALUES (9, 10, 1, '', '', '', '1321754894.gif', '', 1, 'GIF', '2011-11-20 10:08:14', '0000-00-00 00:00:00', '0000-00-00 00:00:00', 0);
INSERT INTO `layoutpic` VALUES (24, 11, 1, '', '', '', '1322986365.jpg', '', 1, 'JPG', '2011-12-04 16:12:45', '0000-00-00 00:00:00', '0000-00-00 00:00:00', 0);
INSERT INTO `layoutpic` VALUES (21, 7, 1, '', '', '', '1322984936.jpg', '', 1, 'JPG', '2011-12-04 15:48:56', '0000-00-00 00:00:00', '0000-00-00 00:00:00', 0);
INSERT INTO `layoutpic` VALUES (15, 9, 1, '', '', '', '1321765289.gif', '', 1, 'GIF', '2011-11-20 13:01:29', '0000-00-00 00:00:00', '0000-00-00 00:00:00', 0);
INSERT INTO `layoutpic` VALUES (16, 9, 1, '', '', '', '1321765295.gif', '', 1, 'GIF', '2011-11-20 13:01:35', '0000-00-00 00:00:00', '0000-00-00 00:00:00', 0);
INSERT INTO `layoutpic` VALUES (17, 9, 1, '', '', '', '1321765300.gif', '', 1, 'GIF', '2011-11-20 13:01:40', '0000-00-00 00:00:00', '0000-00-00 00:00:00', 0);
INSERT INTO `layoutpic` VALUES (18, 9, 1, '', '', '', '1321765306.gif', '', 1, 'GIF', '2011-11-20 13:01:46', '0000-00-00 00:00:00', '0000-00-00 00:00:00', 0);
INSERT INTO `layoutpic` VALUES (22, 7, 1, '', '', '', '1322984941.jpg', '', 1, 'JPG', '2011-12-04 15:49:01', '0000-00-00 00:00:00', '0000-00-00 00:00:00', 0);
INSERT INTO `layoutpic` VALUES (23, 7, 1, '', '', '', '1322984967.gif', '', 1, 'GIF', '2011-12-04 15:49:27', '0000-00-00 00:00:00', '0000-00-00 00:00:00', 0);

-- --------------------------------------------------------

-- 
-- 表的结构 `newsdir`
-- 

CREATE TABLE `newsdir` (
  `id_newsdir` int(11) NOT NULL auto_increment,
  `lang` int(1) NOT NULL default '1',
  `name` varchar(25) NOT NULL,
  `intro` text NOT NULL,
  `dele` int(1) NOT NULL default '1',
  `fatherid` int(11) NOT NULL,
  `level` int(1) NOT NULL,
  `ordernum` int(11) NOT NULL,
  PRIMARY KEY  (`id_newsdir`)
) ENGINE=MyISAM  DEFAULT CHARSET=utf8 AUTO_INCREMENT=17 ;

-- 
-- 导出表中的数据 `newsdir`
-- 

INSERT INTO `newsdir` VALUES (1, 1, '新闻动态', '新闻动态', 1, 0, 1, 1);
INSERT INTO `newsdir` VALUES (3, 1, '公司新闻', '222222222222222', 1, 1, 2, 0);
INSERT INTO `newsdir` VALUES (4, 1, '产品新闻', '222222222222', 1, 1, 2, 0);
INSERT INTO `newsdir` VALUES (5, 1, '行业动态', '', 1, 1, 2, 0);
INSERT INTO `newsdir` VALUES (6, 1, '人才招聘', '', 1, 0, 1, 6);
INSERT INTO `newsdir` VALUES (7, 1, '人才招聘', '', 1, 6, 2, 0);
INSERT INTO `newsdir` VALUES (15, 1, '下载中心', '', 1, 0, 1, 15);
INSERT INTO `newsdir` VALUES (16, 1, '下载中心', '', 1, 15, 2, 16);

-- --------------------------------------------------------

-- 
-- 表的结构 `newsinfo`
-- 

CREATE TABLE `newsinfo` (
  `id_newsinfo` int(11) NOT NULL auto_increment,
  `id_newsdir` int(11) NOT NULL,
  `id_hr` int(11) NOT NULL,
  `lang` int(1) NOT NULL default '1',
  `title` varchar(250) NOT NULL,
  `intro` text NOT NULL,
  `content` longtext NOT NULL,
  `tag` text NOT NULL,
  `dele` int(1) NOT NULL default '1',
  `isnew` int(1) NOT NULL default '1',
  `url` varchar(255) NOT NULL,
  `newsdate` date NOT NULL,
  `indate` datetime NOT NULL,
  `modate` datetime NOT NULL,
  `deldate` datetime NOT NULL,
  `browsecount` int(11) NOT NULL,
  PRIMARY KEY  (`id_newsinfo`)
) ENGINE=MyISAM  DEFAULT CHARSET=utf8 AUTO_INCREMENT=83 ;

-- 
-- 导出表中的数据 `newsinfo`
-- 

INSERT INTO `newsinfo` VALUES (76, 5, 0, 1, '新申即将推出麻依坊2011绿色亚麻产品', '新申即将推出麻依坊2011绿色亚麻产品新申即将推出麻依坊2011绿色亚麻产品新申即将推出麻依坊2011绿色亚麻产品新申即将推出麻依坊2011绿色亚麻产品', '<p>随着&ldquo;生态意识&rdquo;的觉醒，消费者对纺织品怀有&ldquo;崇尚自然&rdquo;、&ldquo;返朴归真&rdquo;的愿望，对天然纤维的亚麻迎来了非常好的机遇。国内绿色亚麻的领跑者新申，将于4月8日推出麻依坊2011绿色亚麻产品。</p>\r\n<p>&nbsp;</p>\r\n<p><br />\r\n　　麻依坊是新申集团有限公司2010年推出的亚麻服装系列、亚麻家居系列、亚麻卫浴系列、亚麻床品系列等在内的一个全新亚麻系列品牌。麻依坊品牌下产品均以亚麻为主要原料，旨在打造一个全新的亚麻终端产品品牌，迎合现在全球流行的低碳环保绿色风尚，以其材质的天然环保，设计出新颖独特的亚麻产品。</p>\r\n<p>&nbsp;</p>\r\n<p><br />\r\n　　麻依坊，顾名思义，取&ldquo;麻&rdquo;为主要材质，依托新申集团亚麻纱线、亚麻面料等资源优势；&ldquo;依&rdquo;同音&ldquo;衣&rdquo;，亚麻系列服装是麻依坊品牌的主打产品；&ldquo;坊&rdquo;旨在打造一个更全面、更时尚的亚麻产品系列，完善新申亚麻产品的构架，更切实的形成亚麻的终端产品影响力。</p>\r\n<p>&nbsp;</p>\r\n<p><br />\r\n　　麻依坊以&ldquo;MYEFAN&rdquo;为品牌标识，取&ldquo;MyLinen&rdquo;之意，意为&ldquo;我的亚麻，我的生活&rdquo;，亚麻影响生活，亚麻改变生活，亚麻创造美好未来。</p>\r\n<p>&nbsp;</p>\r\n<p><br />\r\n　　麻依坊主要产品:亚麻服装系列、亚麻家居系列、亚麻卫浴系列、亚麻床品系列。</p>\r\n<p>&nbsp;</p>\r\n<p><br />\r\n　　麻依坊品牌系列产品均以低碳绿色的亚麻Linen为主要原料，结合棉、竹纤维、木纤维等环保材质，追求产品的绿色环保，款式追求简单休闲，倡导低碳着装，&ldquo;绿色&rdquo;着装，不追求款式的奢华，节约能源。</p>\r\n<p>&nbsp;</p>\r\n<p><br />\r\n　　麻依坊品牌服装主要正对年轻时尚的中青年消费群体，麻料的衣服更能把握他们的活跃休闲的需求，以亚麻的特性完善产品的风格。亚麻，作为纤维中的皇后，其自身的透气、吸汗、对肌肤柔和、干松、舒爽的特性，使其明显有别于棉花、羊毛，更适合作为服装家纺材质。</p>\r\n<p>&nbsp;</p>\r\n<p><br />\r\n　　品牌诉求</p>\r\n<p>&nbsp;</p>\r\n<p><br />\r\n　　麻依坊品牌，定位在打造一个全新的亚麻品牌。目前，国内叫的响的亚麻品牌几乎没有，像国外的一些大牌，如Armani、Boss等每季也会推出一些亚麻材质的产品，如衬衫等，但都不具规模和影响力，没有充分展示亚麻，这个纤维中的皇后的特殊性。</p>\r\n<p>&nbsp;</p>\r\n<p><br />\r\n　　新申集团计划在2011年集中精力、斥巨资打造这个&ldquo;麻依坊MYEFAN&rdquo;航母，使其在国内掀起一股亚麻风潮，进而进军国际市场，依靠品牌运作完善新申集团的产业结构，在国际市场掘金，开辟新的领域，拓展新的市场机遇。</p>\r\n<p>&nbsp;</p>\r\n<p><br />\r\n　　品牌理念</p>\r\n<p>&nbsp;</p>\r\n<p><br />\r\n　　&ldquo;绿色亚麻NatureLinen，绿色生活NatureLife&rdquo;。</p>\r\n<p>&nbsp;</p>\r\n<p><br />\r\n　　新申集团有限公司</p>\r\n<p>&nbsp;</p>\r\n<p><br />\r\n　　新申集团有限公司位于中国亚麻名镇和中国麻纺集群基地――江苏省吴江市震泽镇。新申集团创建于1988年，占地500多亩，总资产5亿元，现有员工3000人，年产值超过5亿元。一直致力于亚麻纱线、亚麻布和亚麻服装等产品的研发、生产和销售，并涉足房地产、投资等多元化领域的国家级企业集团。在行业呈现&ldquo;绿色、环保、低碳&rdquo;发展趋势下，陆续在原有业务基础上逐渐增加了家用纺织品和产业用纺织品等新业务，积极提升公司的整体盈利能力。</p>\r\n<p>&nbsp;</p>\r\n<p><br />\r\n　　科技与创新齐飞</p>\r\n<p>&nbsp;</p>\r\n<p><br />\r\n　　新申集团凭藉着不断的努力及研发，先后被认定为江苏省高新技术企业和江苏省民营科技企业，经江苏省发展改革委员会立项批文成立省亚麻纺织工程技术中心和苏州市经贸委认定的市级亚麻纺织技术研究中心；中心聘请东华大学、苏州大学等国内知名教授及中国麻纺协会等专家学者进行技术合作与联合开发。目前，公司依靠自主研发已经拥有专利148项，其中发明专利2项，实用新型专利6项，外观设计专利140项。而其与东华大学合作开发的&ldquo;亚麻功能性面料开发&rdquo;该技术处于国际先进水平。</p>\r\n<p>&nbsp;</p>\r\n<p><br />\r\n　　新申集团更是多次获得中国纺织工业协会评选的&ldquo;中国纺织服装企业竞争力500强，中国麻纺竞争力10强企业&rdquo;等称号，其产品获得&ldquo;中国名牌产品&rdquo;称号以及&ldquo;苏州市出口名牌产品&rdquo;称号；新申集团研发的新型亚麻面料多次入围中国流行面料；同时也参与制定亚麻制品国家标准；在业内享有较高的知名度，在国际市场中具有一定的影响力。</p>\r\n<p>&nbsp;</p>\r\n<p><br />\r\n　　绿色亚麻领跑者</p>\r\n<p>&nbsp;</p>\r\n<p><br />\r\n　　新申集团积极致力于高科技、绿色生态型健康环保亚麻面料的开发，是亚麻行业中率先提出&ldquo;生态亚麻面料&rdquo;概念和付诸实际行动的企业之一。新申集团研发并生产绿色生态亚麻系列面料，推动亚麻行业新潮流。今年其开发的五只新产品:绿色亚麻面料、环保亚麻面料、低碳亚麻面料、有机亚麻面料、生态亚麻面料，进行了科技成果和新产品鉴定。专家认为这五只面料新产品技术领先，填补了国内空白。</p>\r\n<p>&nbsp;</p>\r\n<p><br />\r\n　　新申集团在设计和生产亚麻产品时，始终坚持产品生态原则，在产品的原材料获取、生产等整个过程中十分注重产品健康环保，将&ldquo;生态亚麻纺织&rdquo;概念贯彻到生产的每一个环节，从原料采购到成品全程严格按照环保工艺加工生产，以国际标准作为生产标准，确保每一米亚麻布的&ldquo;质量&rdquo;。如新申采用亚麻、天丝、绢丝纤维等天然纤维原材料开发的新产品，赢得了&ldquo;绿色生态亚麻面料&rdquo;的美誉。以天然棉、有机亚麻为原料的&ldquo;绿色亚麻棉&rdquo;产品，推出的&ldquo;有机&rdquo;亚麻家纺面料。再如新申生产的亚麻服装面料，其纤维原料来自法国、荷兰、比利时等欧洲国家，是新申集团的高新技术产品，是绿色环保产品。在亚麻竹纤维面料开发过程中，新申研发人员充分利用公司内的先进设备优势，采用新配方、新工艺，根据市场需求，迅速研发出亚麻竹纤维面料。</p>\r\n<p>&nbsp;</p>\r\n<p><br />\r\n　　打造低碳企业</p>\r\n<p>&nbsp;</p>\r\n<p><br />\r\n　　新申集团积极创建资源节约型企业和环境友好型企业，以抓好节能减排工作为己任，以&ldquo;立足资源综合利用，大力发展循环经济，打造绿色新申亚麻品牌&rdquo;为可持续发展战略，紧扣&ldquo;最少的资源&rdquo;、&ldquo;最少的排放&rdquo;两个环节，着力开展以&ldquo;节能、降耗、减污、增效&rdquo;为主题的节能减排工作，积极谋求经济增长方式的转变,走节约型、绿色型、环保型、低碳型的新型工业化之路，实现经济效益、社会效益和环境效益的和谐共赢。</p>\r\n<p>&nbsp;</p>\r\n<p><br />\r\n　　新申，让世界亚麻更精彩!</p>\r\n<p>&nbsp;</p>\r\n<p><br />\r\n　　新申集团倡导21世纪绿色亚麻文化，以专业化立足，以服务化取胜，走品牌化创新经营之路，不断开拓国内外市场，拓展自主品牌建设，在做好&ldquo;新申Xinshen&rdquo;品牌亚麻面料的同时，加大&ldquo;麻依坊MYEFAN&rdquo;的亚麻终端产品的开发研究力度，在亚麻行业排名中位居前茅。新申的持续发展需要不断提升品牌知名度和美誉度，不断地开拓创新，新申所追求的是专业的开发高附加值的亚麻产品、完善企业服务广度与深度、拓展亚麻产业链、打造强势亚麻品牌、争夺亚麻行业话语权、做世界亚麻行业的领跑者。新申，让世界亚麻更精彩!</p>\r\n<p>&nbsp;</p>', '', 1, 1, '', '2011-04-15', '2011-04-15 04:27:38', '2011-11-20 14:36:43', '0000-00-00 00:00:00', 0);
INSERT INTO `newsinfo` VALUES (75, 5, 0, 1, '布局中国失先机 GAP进军线上销售', '布局中国失先机 GAP进军线上销售', '<p>　　当国际&ldquo;快时尚&rdquo;四大巨头中来自西班牙的ZARA和瑞典的H&amp;M以及来自日本的优衣库已经抢先一步布局中国市场，2010年末才进入中国的GAP显然已经失去先机。</p>\r\n<p>&nbsp;</p>\r\n<p><br />\r\n　　再失去先机之后选择了网上销售的模式却也引起了业内的质疑，&ldquo;网上销售虽然是一个趋势，但是一进入中国就自己搭建网上销售平台，这样的风险和成本非常大。&rdquo;</p>\r\n<p>&nbsp;</p>\r\n<p><br />\r\n　　日前，GAP在拥有自主网站进行销售之外，不得不再通过第三方B2C的渠道来销售。</p>\r\n<p>&nbsp;</p>\r\n<p><br />\r\n　　错失先机</p>\r\n<p>&nbsp;</p>\r\n<p><br />\r\n　　美国服装巨头GAP曾经一度因为业绩下滑头痛不已，在其绞尽脑汁提升业绩之时，其竞争对手已经纷纷占领了亚洲这些新兴市场。</p>\r\n<p>&nbsp;</p>\r\n<p><br />\r\n　　2010年年末，在Zara、H&amp;M以及优衣库的中国市场份额纷纷快速增长的时候，GAP首批旗舰店也在中国内地开幕。</p>\r\n<p>&nbsp;</p>\r\n<p><br />\r\n　　&ldquo;GAP进入中国的时机是不是有些晚了？&rdquo;一位业内人士指出，虽然GAP中国区总裁杨得铭表示这个节点进入中国正是时候，然而GAP却难以忽略一个问题，就是作为中国内地服装市场的后来者，GAP不得不付出比竞争对手更高额的开店成本。</p>\r\n<p>&nbsp;</p>\r\n<p><br />\r\n　　上述也内人士指出，相较于其他竞争对手，GAP确实失去了先机。</p>\r\n<p>&nbsp;</p>\r\n<p><br />\r\n　　面对同样实力雄厚而又更具创新力的对手，GAP的中国开拓之路显得滞涩。2010年zara所在集团Inditex在中国新开了75家店，并于财报中指出，2011年将在中国新增120家门店。</p>\r\n<p>&nbsp;</p>\r\n<p><br />\r\n　　H&amp;M最新财报中也透露，今年将新开250家门店，其中以中国，英国和美国为主。截止2010年8月优衣库在中国已经有了76家门店，并计划到2020年将中国的门店数量增至1,000家。其中优衣库已经开始尝试在中国进行线上销售，并且业绩不俗。</p>\r\n<p>&nbsp;</p>\r\n<p><br />\r\n　　要跟上这些国际上对手的步伐GAP就必须快速扩张，而记者从GAP的财报中发现，从2005年以后，GAP的门店增长数量已经趋于平缓，而对于其新收购的品牌Athleta在去年一年仅增长了一家门店。</p>\r\n<p>&nbsp;</p>\r\n<p><br />\r\n　　年报显示，GAP目前共拥有3068家门店，在2010年第四季度新开了27家店的同时，又关闭了41家门店。亚洲区gap的店铺2011年1月29日为135家，2010年1月30日为120家去年至今年，GAP在美国关了41家门店。</p>\r\n<p>&nbsp;</p>\r\n<p><br />\r\n　　记者从GAP中国获悉，进入中国的品牌仅为GAP旗下五个品牌中的GAP，而GAP这一品牌的业绩并不尽如人意。Gap2010年较2009年营业额虽然增加2%，但是较2008年的59.58亿销售额，今年57.35亿的销售额，仍旧是下降了约4%。</p>\r\n<p>&nbsp;</p>\r\n<p><br />\r\n　　不仅如此，GAP从2006年开始业绩下滑，截止2010年销售额仍旧没有超过2005年。2005年GAP集团的净销售额为160.19亿美元，2010年为146.64亿美元。</p>\r\n<p>&nbsp;</p>\r\n<p><br />\r\n　　自主搭建网络销售平台销售业绩存疑</p>\r\n<p>&nbsp;</p>\r\n<p><br />\r\n　　2008年业绩下滑的紧急关头，GAP求助于了网上销售以及对于海外的扩张策略。从其年报中发现，这一策略已经初步取得了效果。</p>\r\n<p>&nbsp;</p>\r\n<p><br />\r\n　　美国Gap公司董事长兼首席执行官格伦墨菲(Glenn Murphy)在2010年财报中指出，如今我们在31个国家开始了网上销售，提供给至少90个国家的消费者。</p>\r\n<p>&nbsp;</p>\r\n<p><br />\r\n　　对于海外运营，Murphy也感到了担忧，&ldquo;我们对于在多数国家进行运营还是存在经验有限的问题，在这些我们业务涉及的国家中，我们不得不面对主要的已经有一定基础的竞争对手，还有当地的房地产价格、雇员、运输等问题，会导致我们与在有成功经验地区的运营有所差别。&rdquo;</p>\r\n<p>&nbsp;</p>\r\n<p><br />\r\n　　2010年GAP进入中国之后，与另外三名竞争对手不同，GAP采用了线上线下同时运营的策略。网络业务方面，Gap选择了与上海奕尚网络信息有限公司展开合作。</p>\r\n<p>&nbsp;</p>\r\n<p><br />\r\n　　&ldquo;这个策略完全没有问题，只是到目前为止，真正能做到线上线下都成功运营的公司我们还没有看见。&rdquo;B2C分析师国电子商务研究中心方盈芝指出，除了与传统的竞争对手相比，GAP在中国的网上销售还要面对至少像凡客或者麦考林这样的竞争对手。</p>\r\n<p>&nbsp;</p>\r\n<p><br />\r\n　　易观B2C分析师陈寿送指出，&ldquo;我不明白为什么GAP进入中国会选择自己搭建网络销售平台，这样它就不得不耗费巨大的财力、人力以及物力。&rdquo;</p>\r\n<p>&nbsp;</p>\r\n<p><br />\r\n　　而更令人担忧的是，GAP显然对于中国的互联网环境没有什么经验。&ldquo;要搭建这样一种需要长期资金投入的网络销售渠道，如果没有本土化的经验，不是一件容易的事情。&rdquo;陈寿送表示。</p>\r\n<p>&nbsp;</p>\r\n<p><br />\r\n　　而这一成功经验就是优衣库，&ldquo;优衣库选择了中国本土的第三方网络销售平台进行销售，这或许是目前传统品牌进军B2C市场的一个比较低风险的方式。&rdquo;陈寿送指出，&ldquo;对于中国市场环境不了解的情况下，第三方平台显然可以规避风险，而且降低成本。&rdquo;</p>\r\n<p>&nbsp;</p>\r\n<p><br />\r\n　　&ldquo;另外顾客的品味以及潮流和我们之前所在的国家也会有所不同，所以我们的销售不一定会成功，或者与我们预期的业绩有所不同。&rdquo;财报中透露。</p>\r\n<p>&nbsp;</p>\r\n<p><br />\r\n　　这也是一个会令GAP头疼的问题，上述业内人士指出，&ldquo;GAP在中国销售的服装更显时尚而便宜，然而中国本土崛起的这些品牌以大规模、低价格以及不输这些国际品牌时尚度的衣服，对GAP这些国际品牌也会造成很大冲击。&rdquo;</p>', '', 1, 1, '', '2011-04-15', '2011-04-15 04:27:01', '0000-00-00 00:00:00', '0000-00-00 00:00:00', 0);
INSERT INTO `newsinfo` VALUES (74, 5, 0, 1, '中国面料企业将如何发展', '中国面料企业将如何发展', '<p>　　　中国面料企业在变。</p>\r\n<p>&nbsp;</p>\r\n<p><br />\r\n　　在3月30日～4月1日在北京中国国际展览中心举行的第十七届中国国际纺织面料及辅料(春夏)博览会上，面对原料与劳动力价格上涨及消费尚未完全恢复压力下的国内外市场，面料企业不再只强调单军强行突破，而是运用&ldquo;融合&rdquo;的手段，将自己与服装品牌、与市场需求更好地组合起来，共同突围。</p>\r\n<p>&nbsp;</p>\r\n<p><br />\r\n　　在他们的身上，我们看到了面料企业向上游的整合能力，也看到了品牌化后，面料企业向高端，向终端发展的整合能力。</p>\r\n<p>&nbsp;</p>\r\n<p><br />\r\n　　离奢侈品有多远?</p>\r\n<p>&nbsp;</p>\r\n<p><br />\r\n　　对于众多企业而言，附加值低、产品低端化一直是大家心知肚明，但一直不愿去触碰的伤疤。中国到底有没有孕育奢侈品的土壤?作为服饰产品上游的面料产品又是否能够担当起制作奢侈品的重任?中国创造能否有效整合世界的产业链条来打造属于自己的奢侈品王国?这些问题一直被业内人士所关注，人们也希望从本土龙头企业的每一次对外展示中，获取相关的信息。</p>\r\n<p>&nbsp;</p>\r\n<p><br />\r\n　　山东如意集团在本次面料展搭建的展台充满了浓郁的中国文化，展会首日，该集团总裁邱栋向中国纺织工业协会会长杜钰洲、副会长王天凯等众多嘉宾介绍了该公司最新打造的高端品牌&ldquo;皇家如意&rdquo;系列面料。该系列面料依托如意纺技术，采用200支100%羊绒织造，把中国传统儒家文化、水墨画等元素应用到产品上，卖价达到2580元/米，而采用这种面料制作的西服，每套售价高达17万元，受海外市场欢迎。在面对此款面料是否采用了采用了国外技术和国外设计的质疑时，邱栋骄傲地回答：&ldquo;这是我们完全自主研发的产品，已经走在了国际的前列。&rdquo;据悉，在面对采用该技术纺制而成标价12800元的新款围巾时，澳大利亚的奢侈品买手给出了如此评价：如意纺的这款围巾无论从材质、工艺还是设计看，都已经具备了奢侈品的基本条件。</p>\r\n<p>&nbsp;</p>\r\n<p><br />\r\n　　面对企业取得骄人成绩，杜钰洲的建议充满了理性的思考，他认为：本土纺织企业要在文化表现方面要更多元，在花样设计方面，既要保持传统文化的魅力，也需将现代文化元素融入其中，另外，企业还需在品牌推广方面多下苦功。&ldquo;如果国际大牌的高端围巾都能在如意进行ODM生产，企业通过这一高端化锻炼，本身也是一种提升。&rdquo;杜钰洲如是说。</p>\r\n<p>&nbsp;</p>\r\n<p><br />\r\n　　在中国面料巨头向高端挺进时，来自世界奢侈品会聚地的意大利展团在面料展上参展的产品也多以高档毛纺、衬衫面料为主。据意大利对外贸易委员会北京首席代表赖世平介绍，&ldquo;此次意大利展团以高附加值产品来满足中国服饰客户的要求，展区面积也比去年增长14.5%，显示出意大利高档面料在中国北方市场较好的销路。&rdquo;</p>\r\n<p>&nbsp;</p>\r\n<p><br />\r\n　　已有百年历史的意大利Pentagono公司专门为众多国际一线品牌制作羊毛、羊绒、真丝围巾。当该公司工作人员向嘉宾展示了为阿玛尼品牌ODM制作的围巾时，其创造力赢得了嘉宾的赞叹。&ldquo;意大利只剩下创造力了。&rdquo;企业负责人幽默回答。&ldquo;目前公司已经在华设立代理处，主要接受中国一线服饰品牌的订单，订单量年增长可达50%以上。由于这些服饰品牌定位高端，追求品牌的文化与个性，因此，材质方面多以羊毛、羊绒围巾为主，每单定价在260元以上，定量从几十条到上百条不等，单品对外售价接近2000元。&rdquo;企业工作人向记者谈到。</p>\r\n<p>&nbsp;</p>\r\n<p><br />\r\n　　另一家意大利企业的工作人员向王天凯展示了一件在欧洲卖到8000元人民币的衬衫，该衬衫采用300支纯棉纱线面料制作，公司建有自己的棉花基地。在仔细观看产品，并翻看公司宣传画册后，王天凯深有感触：&ldquo;高品质要从源头棉花做起。&rdquo;</p>\r\n<p>&nbsp;</p>\r\n<p><br />\r\n　　离高科技有多近?</p>\r\n<p>&nbsp;</p>\r\n<p><br />\r\n　　2010年下半年开始的纺织原材料价格上涨，特别是棉花价格的暴涨，使大量需求棉花的休闲棉纺面料企业、牛仔面料企业、衬衫面料企业和里料企业受到不同程度的影响。本次面料展上新品层出不穷，原因之一就在于以棉花为代表的原料价格的大幅度波动，市场对高支、仿棉、仿麻、仿丝等产品的需求增大，混纺面料成为主流趋势之一，这也为面料企业提供了创新方向。而辅料馆的展品以低碳、环保、生态、旧物利用等与当前主流趋势相吻合的创造理念服务于服装企业。</p>\r\n<p>&nbsp;</p>\r\n<p><br />\r\n　　在天虹公司展位上，该公司负责人介绍，企业为应对高棉价的影响，采用化纤超纺棉技术替代原棉纤维。王天凯表示，行业都应该关注原料短缺问题，下力气开发棉花替代纤维，以保证行业能平稳发展。</p>\r\n<p>&nbsp;</p>\r\n<p><br />\r\n　　受日本大地震，核电站污染外泄的影响，如意牛仔推出了全新的防辐射牛仔面料受到人们的关注，同时这一功能型面料也为企业带来了巨大的商机。在听取了该款面料的介绍后，杜钰洲表示，企业要注重对新纤维、新工艺产品的性能测试。目前，很多新纤维在国家相关质检项目规定中还是空白，除利用国家相关机构平台进行产品检测外，有实力的企业也要积极创建自主实验室，争取成为行业标准的制定者。</p>\r\n<p>&nbsp;</p>\r\n<p><br />\r\n　　在黑牡丹展位上，各式各样的牛仔系列产品布满了整个展位，该公司新推出的一种具有生态特性的牛仔面料产品受到很多客户的青睐。该公司总裁助理陆清介绍说，该产品染色工艺与普通染色工艺不一样，与普通染色比能节水80%，节汽35%，化学品成分减少90%，具有牢固、稳定、优良等特点，是公司自主研发的一种全新面料。</p>\r\n<p>&nbsp;</p>\r\n<p><br />\r\n　　感性创新系列中的涡流纺(MVS)纱线系列是本次华孚色纺主推的新产品之一。MVS纱线结构紧固不易变形，织物外观光滑并耐磨，但又保持很好的吸湿性、快干、耐反复洗等优势。第二代创新外观工艺系列亦是本次华孚展位的一大亮点。其中，丝雨纱在单纱中随机加入的各色&ldquo;丝段&rdquo;，如同春天的细雨一样，使平纱摆脱单调呆板的感觉，增加了温馨浪漫的气息。据悉，由于生产效率明显提升，丝雨纱在价格方面更具优势。</p>\r\n<p>&nbsp;</p>\r\n<p><br />\r\n　　品牌之路有多长?</p>\r\n<p>&nbsp;</p>\r\n<p><br />\r\n　　我国面料企业大多有着代工背景，长期以来已经习惯了订单上门、定制加工的模式。产业发展到今天，这种传统的销售模式不但已经无益于提升销售，也阻碍了企业管理、研发、理念的整体提升。</p>\r\n<p>&nbsp;</p>\r\n<p><br />\r\n　　在展会现场，不少服装企业负责人和面料采购商对记者表示，现在面料企业的销售越来越主动，纷纷与服装企业沟通，经常邀请服装设计师共同参与面料的设计研发。除此之外，在如意、阳光、南山等纺织巨头纷纷向下游服饰行业延伸之后，越来越多的面料企业也在寻找适合自己的品牌打造之路。</p>\r\n<p>&nbsp;</p>\r\n<p><br />\r\n　　自2000年创立以来，东莞市科纺纺织有限公司就一直定位于研发和生产高档牛仔面料。他们的客户包括了Levi&rsquo;s、优衣库、杰克琼斯等国际知名品牌。科纺还有着别具特色的经营模式：&ldquo;小生产、大经营&rdquo;。&ldquo;小生产&rdquo;就是把工厂做小、做精，只控制牛仔布生产中浆染、丝光等关键环节，而把织布环节交给别人代工;&ldquo;大经营&rdquo;就是把研发和销售做大，开发出高质量的产品，建立广泛的销售渠道。</p>\r\n<p>&nbsp;</p>\r\n<p><br />\r\n　　&ldquo;当企业发展到一定程度，向下游延展应当是一种发展的必然。&rdquo;绍兴海莎纺织有限公司董事长傅伟庆向记者表示。据悉，在海莎国际时尚女装品牌将在今年秋季逐步在国内开始布点，召集代理、加盟商;而家纺系列产品也将于明年逐步上线。&ldquo;对于终端的拓展，我们将采取不同区域市场，不同销售渠道的战略。在北京、上海、深圳、广州等一类市场，将以公司直营的时尚家居旗舰店为模板，而在二三线城市，我们则将采用股份制控股、分招经销加盟方式为有效配合，迅速占领市场，并不断加深消费者对品牌的认知与接受度。&rdquo;</p>\r\n<p>&nbsp;</p>', '', 1, 1, '', '2011-04-15', '2011-04-15 04:26:12', '0000-00-00 00:00:00', '0000-00-00 00:00:00', 0);
INSERT INTO `newsinfo` VALUES (73, 5, 0, 1, '棉价不是纺织服装企业唯一判断市场的方法 ', '棉价不是纺织服装企业唯一判断市场的方法 ', '<p>　　　春江水暖鸭先知，这是大家熟知的道理。纺织企业在判断市场走向时一般都是把棉花价格作为依据，但从目前的情况看，仅凭这一依据来判断是不够的。今年2月的棉花期货市场价格曾达到每吨34000多元，到本周降到28000多元。现在市场正处于一个渐变的过程，此前棉花大涨是受棉花供求缺口的影响，而现在市场正在悄悄发生变化，棉花价格的回落说明棉纺织企业的生产正处在调整时期。可能有些人认为棉花价格的下跌是件好事，殊不知，企业在高价位时购买的棉花还没销售出去，亏损的买卖还得硬着头皮做下去。</p>\r\n<p>　　影响纺织行业的因素还有很多。例如纺机企业，其所需的原材料价格近来也在逐步回落，从本周期货市场上看，钢材价格上涨的趋势受到遏制，铜的价格与去年年底相比每吨下降了近7000元，橡胶的价格也呈回落趋势。最近人民币的持续加息，加快了资金的回笼，市场上的货币流动性开始收紧。此外，纺织市场上原有的一些不确定因素也频频释出，给纺织企业判断未来市场增加了困难。受上述因素影响，纺机市场也一改年初时的红火局面，一些原来坐在纺机厂门口急着拿货的客户也不见了踪影。河北一家纺机企业负责人说，今年的买卖特别不好做，主要原因是市场波动性大。去年棉花、钢材等价格一路上涨，今年从2月底开始有了较大的起伏，这种剧烈的市场波动不仅在企业心理上造成极大的震撼，而且还给现在的生产带来某种不确定的感觉，市场观望的态度也由此产生。</p>\r\n<p>　　当前，资金紧缺是很多企业面临的共同问题。然而，我们有些同行却乐观地认为，纺织行业一直站在市场经济的最前沿，绝大多数企业的资金基本靠自己解决或者民间借贷，与国家商业银行基本不发生关系，国家的紧缩政策不会对纺织行业造成很大影响。此观点大错特错了。现在所有的行业都相互关联、相互交织，不可能大河没水小河流。市场顺畅大家皆大欢喜；如果资金一天比一天紧张，依照历史经验，毁约的就会增多，麻烦也会增多。因此，我们纺织企业不能只从个别现象看问题，我们必须从货币、原材料、贸易等不同方面、不同角度来全面判断纺织行业的未来走势，这样我们的企业才能立于不败之地。</p>', '', 1, 1, '', '2011-04-15', '2011-04-15 04:25:31', '0000-00-00 00:00:00', '0000-00-00 00:00:00', 0);
INSERT INTO `newsinfo` VALUES (72, 4, 0, 1, '今年美国棉花种植面积高于预估', '今年美国棉花种植面积高于预估', '<p>　　孟山都公司总裁DavidRhylander称，今年美国农户的棉花种植面积可能将高于政府预估，预计美国2011年棉花种植面积在1280-1300万英亩，</p>\r\n<p>　　因棉价上扬刺激农户的种植兴趣，且可能出现棉花的套种。</p>\r\n<p>　　生物科技种子企业--孟山都公司(MonsantoCo。)总裁David Rhylander称，&ldquo;我认为他们低估了美国2011年棉花种植面积，&rdquo;</p>\r\n<p>　　Rhylander预计美国2011年棉花种植面积在1280-1300万英亩，美国农业部(USDA)上周五公布的4月供需报告显示，美国2010/11年度棉花种植面积预估为1097万英亩，与3月份报告持平。</p>\r\n<p>　　美国2009/10年度棉花种植面积预估为915万英亩，2008/09年度实际种植面积为947万英亩。</p>\r\n<p>　　美国2011年棉花种植面积扩大的关键因素是价格。</p>', '', 1, 1, '', '2011-04-15', '2011-04-15 04:24:45', '0000-00-00 00:00:00', '0000-00-00 00:00:00', 0);
INSERT INTO `newsinfo` VALUES (70, 4, 0, 1, '经济数据多次遭提前泄露 统计局发言人严厉谴责', '经济数据多次遭提前泄露 统计局发言人严厉谴责', '<p>&nbsp;&nbsp;&nbsp; 　国务院新闻办定于2011年4月15日(星期五)上午10时在国务院新闻办新闻发布厅举行新闻发布会，请国家统计局新闻发言人、国民经济综合统计司司长盛来运介绍今年一季度国民经济运行情况，并回答记者提问。</p>\r\n<p>　　彭博新闻社记者：</p>\r\n<p>　　昨天凤凰卫视就已经报道了相关数据，而且这些数据在今天的发布会上也得到了印证，同样的事情在1月份和去年6月份也出现过，这些消息在发布会之前就被泄露出去了，有没有相关的程序来调查这种提前泄露的情况，会不会在未来防止这种情况发生，谁来负责相关的调查？</p>\r\n<p>　　盛来运：</p>\r\n<p>　　国家统计局严厉谴责任何泄露还在保密期数据的行为，我们相信任何违法的行为都必将会受到法律的制裁。国家统计局也一直高度重视发布前数据的保密工作，为此制定了相关的管理制度和程序，进一步缩小了涉密数据的人员和范围。</p>\r\n<p>　　特别是近两年，国家统计局根据公平、公正、公开、透明的原则，建立和进一步规范了统计信息的发布制度，国家统计局也正在听取各方面的意见，研究进一步完善发布制度问题，改进的方向是进一步缩短数据生产到发布的时间，尽可能减少数据被泄露的风险。</p>\r\n<p>　　最后我还想提醒一点，《中华人民共和国保密法》也有规定，一切国家机关、党政团体、企事业单位和公民都有保守国家秘密的义务。</p>\r\n<p>　　同时也规定在互联网和其他公共信息网络上传播国家秘密的也应该给予相应的责任追究。我们国家互联网新闻信息服务管理规定第19条也明确规定，登载发送的新闻信息不得含有危害国家安全、泄露国家秘密的内容。所以，我们希望大家一起来遵守相关的法律和规定。谢谢大家！</p>', '', 1, 1, '', '2011-04-15', '2011-04-15 04:22:54', '0000-00-00 00:00:00', '0000-00-00 00:00:00', 0);
INSERT INTO `newsinfo` VALUES (71, 4, 0, 1, '江苏鑫缘茧丝绸集团将跨越式发展 ', '江苏鑫缘茧丝绸集团将跨越式发展 ', '<p>　　　近年来，江苏鑫缘茧丝绸集团立足海安传统蚕桑产业资源，彰显精深加工优势，实施品牌经营，推进产品精品化、织造无梭化、品种多样化，成为中国丝绸行业唯一拥有&ldquo;一个中国驰名商标、三个中国名牌、五类国家免检产品&rdquo;的跨国企业。<br />\r\n<br />\r\n　　重研发。集团利用自身技术优势，制定了国际国内先进的蚕茧烘干、制丝、丝织、服饰、床上用品、染整等方面的先进工艺路线，&ldquo;鑫缘&rdquo;牌蚕茧、桑蚕丝、真丝绸、服装及床上用品质量达到国际领先水平。拥有自主知识产权的桑蚕丝和利用新材料、新工艺生产的真丝绸产品，成为国内外客商首选产品。部分桑蚕丝科研成果达到世界先进水平，产品被法国巴黎、荷兰、韩国等地商场指定为专营产品。<br />\r\n　　强引进。集团先后引进和新上飞宇系列自动缫丝机，意大利产剑杆织机、整经机、真丝倍捻机、无捻并丝机，瑞士产精密络筒机，日发牌真丝针织圆机等国际国内一流的生产设备，借助自身拥有先进的生产工艺流程，产品质量达到国际一流，梭织绸和针织绸产品成为市场抢手货。<br />\r\n<br />\r\n　　推攻关。集团创立了国家级星火龙头企业科技创新中心，与苏州大学联合成立了&ldquo;丝绸新技术(产品)研发中心&rdquo;，承担了国家、省、市科研项目20多项。先后承担了国家&ldquo;双高一优&rdquo;工程项目、国家农业综合开发重点项目和茧丝绸风险基金项目。2004年《制丝生产在线质量监控系统软件的研发及推广》项目通过江苏省科技成果鉴定；《纳米级再生蚕丝纤维制品的研制与开发》和《多功能蚕丝被的研究与开发》列为2004年江苏省科技攻关项目。2005年《天然彩色茧丝加工技术研究及生产应用》和《以蚕桑副产品为原料的丝绸草木染加工技术研究》再次列为江苏省科技攻关项目，运用基因工程生产出天然彩色茧，开发出高品位的天然彩色丝、绸及服装，为中国桑蚕丝家庭成员的丰富多彩的发展探索出了一条新路。《制丝生产在线监控网络系统软件的研发及推广》项目被国家商务部茧丝办列为国家茧丝绸发展风险基金第六批发展性项目，《应用缫丝企业信息化管理技术辅助生产高等级蚕丝》项目被国家科技部列为&ldquo;2005年度国家级星火计划项目&rdquo;。科技和管理等方面形成国家专利30项。2010年11月鑫缘集团率先成立博士后工作站。</p>\r\n<p>&nbsp;</p>', '', 1, 1, '', '2011-04-15', '2011-04-15 04:23:49', '0000-00-00 00:00:00', '0000-00-00 00:00:00', 0);
INSERT INTO `newsinfo` VALUES (69, 4, 0, 1, '我国纺织业用价格指数引导产业升级', '我国纺织业用价格指数引导产业升级', '<p>&nbsp;&nbsp;&nbsp;&nbsp;&nbsp;&nbsp;&nbsp;&nbsp; 4月15日讯　我国首个家纺行业指数中国&middot;叠石桥家纺指数自3月11日发布以来，运行良好，这表明我国纺织业正在谋求用价格指数引导产业升级。记者了解到，除中国&middot;叠石桥家纺指数外，中国纺织品价格指数体系还包括2007年10月发布的国内第一个纺织品指数中国&middot;柯桥纺织指数和同年12月发布的中国&middot;盛泽纺织指数。</p>\r\n<p>　　东华大学纺织学院纺织系主任钱竞芳在接受本报记者电话采访时表示，中国纺织品价格指数体系的建设和完善对于我国纺织业的推动作用是显而易见的。她举例说，我国作为丝绸、化纤生产大国,两种产品的产量分别约占世界总产量的75%和50%，而这其中很大一部分来自浙江盛泽。中国&middot;盛泽纺织指数主要反映了盛泽及中国东方丝绸市场上化纤面料、化纤原料价格、丝绸纺织品价格变动以及相关企业景气波动。每天,几十名兼职信息采集人员都会走访500余家不同层次的企业采集数据,获得一线资料。&ldquo;指数发布后,企业就可以更客观、直接地了解市场信息,从而及时做出应对。&rdquo;此前许多纺织公司负责人仅依靠口口相传以及几名询价采样人员搜集信息，信息量十分有限。</p>\r\n<p>　　再如中国&middot;柯桥纺织指数中，专门有订单指数和外贸出口指数，经营户和生产者就会对这种变化，有一个实时的、直观的了解，从而淘汰低附加值、高消耗产品，转变纺织业的发展方式。钱竞芳说，比如一个经营白坯布的商户，原来可以不关心其他品种的生死。但指数发布以后，他就会考虑经营品种的更换，从而导向客户。她认识的一个销售大户，原来经营的是纯化纤产品，后来非常关注外贸出口指数，现在已经转向棉、麻等环保型产品了，类似的种种变化在业内已普遍发生。</p>\r\n<p>　　目前，我国纺织产业虽已占据了全球纺织产业很大的份额，但面临环保要求提高、劳动力成本上升、人民币汇率上涨等发展压力，我国纺织业传统发展模式正在面临瓶颈。&ldquo;加快推进中国纺织品价格指数体系建设任务迫切，因为这关系到确立我国家纺产品行业在国际市场上的话语权。&rdquo;中国纺织工业协会副秘书长、中国纺织工业协会流通分会会长夏令敏认为，各指数的发布将有利于建立权威、科学的价格发布体系，使中国纺织产品更方便地参与全球市场。</p>\r\n<p>　　针对话语权问题，钱竞芳解释说，在国际竞争中，统一、权威的&ldquo;一个声音&rdquo;至关重要，澳洲的&ldquo;澳羊&rdquo;为何能在全球的羊毛市场竞争中价格居高不下，原因就是其在话语权上拥有强势地位，这与澳洲有统一、权威的羊毛信息发布密切相关。如果一个国家产业内部就是一盘散沙，不仅无法形成统一、权威的&ldquo;一个声音&rdquo;的信息发布，更谈不上整体的产业升级和结构调整。</p>\r\n<p>　　构建科学、实用、有影响力的纺织品价格指数体系是一项艰巨的系统工程，杨纪朝强调，首先无论是数据的采集还是框架的建立，都需要前期做好周密策划；其次要追求结果的实用性，不管是指导企业投资行为、市场行为，还是为宏观政策制定提供参考，都必须从实用性出发；再其次要确立科学的编制方法，这是决定价格指数能否反应真实的行业发展情况、产业运行情况及市场需求的重要条件；最后要注意构建价格指数体系的合理性，协会将充分利用行业资源、专家队伍优势，加快推进指数体系建设。</p>', '', 1, 1, '', '2011-04-15', '2011-04-15 04:21:26', '0000-00-00 00:00:00', '0000-00-00 00:00:00', 0);
INSERT INTO `newsinfo` VALUES (68, 3, 0, 1, '埃及纺织纺纱公司面临严峻材料确实', '埃及纺织纺纱公司面临严峻材料确实', '<p>&nbsp;&nbsp;&nbsp;&nbsp;&nbsp;&nbsp;&nbsp; 4月15日讯　埃及的纺织和纺纱公司正面临严峻的材料缺乏，这些材料是他们生产所必需的，纺织工人联合组织的主席说。</p>\r\n<p>　　在新闻发布会上，纺织工人联合组织的主席赛义德.古哈利要求政府立即采取行动，就业纺织和纺纱工业及其工人。</p>\r\n<p>　　部分私营工厂已经停产，这是因为他们不能够在这样的环境下继续生产，古哈利说。</p>\r\n<p>　　古哈利说，政府应当分配土地种植棉花，满足工厂的需求，向公司注入新的投资，改革财政和管理结构，打击倾销和走私行为，保护当地工业。</p>\r\n<p>　　观察家认为，埃及棉纺织工业经历了持续下降，这是由于政府对棉花耕种的补贴不充分。棉花以埃及最古老的作物而闻名。</p>\r\n<p>　　古哈尔强大，有必要发展棉花生产力，在过去的几年，埃及的棉花生产急剧下降，这是由于依赖进口棉花造成的。</p>', '', 1, 1, '', '2011-04-15', '2011-04-15 04:20:31', '0000-00-00 00:00:00', '0000-00-00 00:00:00', 0);
INSERT INTO `newsinfo` VALUES (66, 3, 0, 1, '乌兹别克斯坦将与瑞士成立服装机械合资公司', '乌兹别克斯坦将与瑞士成立服装机械合资公司', '<p><br />\r\n&nbsp;&nbsp;&nbsp;&nbsp;&nbsp;&nbsp;&nbsp; 乌兹别克斯坦轻工业公司与瑞士立达纺织机械公司拟在乌成立纺织服装机械生产合资公司――&ldquo;立达乌兹别克斯坦&rdquo;。双方所签协议被&ldquo;关于组织生产现代化纺织机械&rdquo;的总统令确认。瑞士公司将于2011至2012年对该项目投入200万美元进行纺织机械现代化改造和技术设备更新，并逐步在停产的&ldquo;乌兹别克斯坦纺织服装机械公司&rdquo;基础上组织纺织设备生产。项目将分三个阶段实施：第一阶段（2011年）将完成厂房和设施建设，并进行工艺设备安装调试；第二阶段（2012年）将投入生产制带机和梳棉机；第三阶段（2015年）将投入运行金属加工车间。</p>\r\n<p>　　根据乌总统令，2015年7月1日前，&ldquo;立达乌兹别克斯坦&rdquo;公司将被免除包括乌公路基金强制扣除的基本营业税在内的一切税费，同时还享受对乌国内不生产的设备、仪器、机械和其他材料及产品免除进口关税的优惠政策。<br />\r\n&nbsp;</p>', '', 1, 1, '', '2011-04-15', '2011-04-15 04:19:11', '0000-00-00 00:00:00', '0000-00-00 00:00:00', 0);
INSERT INTO `newsinfo` VALUES (67, 3, 0, 1, '台纺织产业综合研究所将在盐城成立研究院', '台纺织产业综合研究所将在盐城成立研究院', '<p><br />\r\n&nbsp;&nbsp;&nbsp; ４月１５日电，记者从江苏省盐城市获悉，由台湾纺织产业综合研究所提供技术支持的江苏南纬悦达纺织研究院已在该市成立，将安排台湾专家来盐城培训纺织行业的员工和人才。</p>\r\n<p>&nbsp;&nbsp;&nbsp; 盐城是传统的纺织大市，以棉纺为主，纺织业一直是盐城重要的产业支撑，近年来份额有所减少，但仍占２０％左右。虽然规模较大，但盐城纺织业一直存在创新不够、研发不足等问题，江苏南纬悦达纺织研究院成立后，将借助台湾纺织产业综合研究所的技术支撑，迅速对纺织产业高端课题、纤维、技术、工艺、产品等方面进行研究，并向行业、产业、企业、项目延伸。研究院将安排盐城人员赴台湾接受培训教育，还将安排台湾专家来盐城培训人才和员工。</p>\r\n<p>&nbsp;&nbsp;&nbsp; 台湾纺织产业综合研究所的前身是台湾纺织品试验中心，成立于１９５９年，是台湾地区致力于纺织科技研发、产品检测和技术服务的主要机构，汪雅康于２００８年６月接任董事长。</p>\r\n<p>&nbsp;&nbsp;&nbsp; 汪雅康说，纺织是传统行业，但是，产品有夕阳产品，而产业是没有夕阳的，台湾的纺织产业，特别是新开发的功能性产品，上至太空、下到海洋，处处都有应用，&ldquo;（研究院）将寻求产业链条上新的合作，共同提升纺织产业的发展。&rdquo;<br />\r\n&nbsp;</p>', '', 1, 1, '', '2011-04-15', '2011-04-15 04:19:49', '0000-00-00 00:00:00', '0000-00-00 00:00:00', 0);
INSERT INTO `newsinfo` VALUES (65, 3, 0, 1, '日本面料企业积极准备“PV展”', '日本面料企业积极准备“PV展”', '<p><br />\r\n&nbsp;&nbsp;&nbsp;&nbsp;&nbsp;&nbsp;&nbsp; 为积极备战引领国际顶尖潮流的法国第一视觉面料展（Premiere Vision，简称&ldquo;PV展&rdquo;），很多日本面料生产企业正在积极推出多款新颖时尚的2012春夏设计作品，独特的丝和亚麻复合材料，以及日本独有的日本纸和铜氨纤维等原料均有应用。其中，亚麻将成为这些时尚面料设计中真正的焦点。许多公司掀起了亚麻潮，围绕亚麻产品的主题做了丰富多样的设计，从轻质、透明雪纺纱到高级混纺毛线衫，运动时尚类针织产品的人气也持续上升。</p>\r\n<p>　　丝和亚麻复合材料成为亮点</p>\r\n<p>　　上届PV展上，日本毛织株式会社的硬质华达呢面料荣获了金羊毛标志面料奖。历届PV展上，该公司展示的产品主要包括三类：毛精纺面料、复古式面料和未来派羊毛面料。针对2012春夏，日本毛织株式会社将主打以棉、亚麻、真丝为主要成分的超薄雪纺绸，80支和100支的面料将最为流行。</p>\r\n<p>　　日本毛织的制服类面料历史悠久，在业界享有&ldquo;百年哔叽&rdquo;的美誉，他们的参展面料将诠释未来色彩流行趋势。得益于耐用、坚固以及可制成端庄的成衣的特点，制服面料的应用领域日益广泛并多样化，将成为日本毛织株式会社最热销的产品。用于日本中学女生制服的苏格兰格子布已赢得了有目共睹的市场佳绩，同时，此类面料也可根据特殊定制需要，制成个性化颜色和样式，成为今年的另一卖点。顶级品质羊毛面料&ldquo;Golden MAF&rdquo;仅使用160支以上的纱线原料，由日本NIKKE进行织造加工生产，体现了高品质的诉求。日本毛织株式会社已在原料、纺纱、织造、后整理等各环节制定了特殊的Golden MAF品质标准，并应用于整个供应链中。日本毛织有绝对的信心，实现严格的质量管理和保证产品品质的重现性。</p>\r\n<p>　　为拓展其特级纱线系列定制业务，TOTKI&middot;SEN-I有限公司已与一家棉纺公司实现合作，扩大客户定制的顶级纱线系列产品。他们在普通面料中添加棉/丝、棉/亚麻、棉/大麻等成分，制作羊毛内衬、平针织物和罗纹针织物。为突出面料的春夏感觉，纱线进行了干燥和褶皱处理，但不同于合成纤维的加工效果，该产品保持了100％纯天然纤维的品质。</p>\r\n<p>　　Tsuboyoshi Orimono有限公司首次亮相上届PV展，本次将是他们首次展出春夏系列，包括公司在日本市场最受欢迎的面料。展示重点是超薄透明的亚麻面料。这种面料的纬纱是一种超细真丝或锦纶纱，由高速织机织造。经过水洗后整理，成品面料具有十分柔软的手感。印染加工在日本人造纤维的特色产地日本北陆生产中心完成，因此Tsuboyoshi的最终产品外观十分完美。最具特色的产品是由20丹尼尔的真丝和160支的苎麻制成的混纺面料。往年秋冬季流行的羊毛提花织物将被该类亚麻面料代替。</p>\r\n<p>　　A-girl&rsquo;s有限公司尝试从亚麻的粗犷中体现精细，实现了粗制亚麻的清新呈现。该款面料风格独特，在休闲和优雅的面料风格中找到一种完美的平衡。</p>\r\n<p>　　天然纤维带来运动感受</p>\r\n<p>　　许多日本特有的纤维，像日本纸、铜氨纤维和三醋酯纤维，当今仍然是市场的宠儿。TOKI&middot;SEN-I有限公司把日本纸混入棉质运动衫的表层，并通过特殊的处理工艺&ldquo;撕掉&rdquo;原有图案。处理后的图片边缘附着被撕的日本纸，看上去会让人联想到日本传统的手撕图案纸艺术。该技术原被用于其他的工业领域，后被TOKI&middot;SEN-I公司用于服装面料。</p>\r\n<p>　　日本毛织株式会社利用三醋酯纤维生产混纺编织系列产品。该公司已与北陆生产中心合作，对羊毛面料进行染色后整理。&nbsp;&nbsp;</p>\r\n<p>　　Takisada-Osaka公司的COTO毛织运动衫和编织物以其独特和稀有而著名，它凝聚着各种不同的艺术风格及日本各个生产中心的智慧和创意。这些产品曾一度在纽约PV展、上海PV展上走红。它们分别是针刺犬牙图案面料和独特的编织技术制成的超薄透明面料。除了日本的米泽市、见附市、枥尾和远州等地区外，他们把业务还拓展到其他一些有合作伙伴、制造商和生产基地的地区。</p>\r\n<p>　　当前，利用天然纤维制作运动用品面料的生产商越来越多。西方的时尚品牌除了关注传统品牌外，也在不断开发运动品牌，并注重运动灵感的设计。</p>\r\n<p>　　日本毛织株式会社目前的生产量增加了一倍，以供给国内制造商用于生产2012春夏学生用运动服及牛仔颜色的运动衫。</p>\r\n<p>　　面料生产商正不断增加针织面料的产量。除棉质运动衫外，HOKKO有限公司还在生产聚酯复合材料和印花针织运动衫。虽然是在不同的面料材质上进行印制，但公司可以提供至少20种不同的图案样式和多种色彩。</p>\r\n<p>　　四家高端企业首次亮相</p>\r\n<p>　　每年，全球市场对风格高雅、轻薄的化纤面料都有大量的需求。日本东丽公司开发了一种可以创建结构轮廓的新型轻质面料。这是一种新聚酯透明面料，富有光泽且防静电。尽管面料很薄，但面料中的防静电聚合物可以防止面料静电的形成。</p>\r\n<p>　　展会将有4家日本高端企业首次亮相。Uni Textile有限公司的优势是短时间内开发大量的印花产品系列。KUWAMURA有限公司来自Banshu生产中心，以生产衬衫面料而闻名遐迩。这两家公司在男女装优雅休闲装领域拥有极高声誉。MINAMI有限公司是著名的面的剪裁和缝制公司。HIRONEN有限公司的主打产品是三醋酯纤维和铜氨纤维等合成纤维。<br />\r\n&nbsp;</p>', '', 1, 1, '', '2011-04-15', '2011-04-15 04:18:31', '0000-00-00 00:00:00', '0000-00-00 00:00:00', 0);
INSERT INTO `newsinfo` VALUES (23, 7, 0, 1, '本公司即将设立上海办事处，招聘华东业务总监', '', '<div id="jobcontent">\r\n<div class="jobitem">职位名称：华东业务总监<br />\r\n职位类型：全职<br />\r\n工作经验：3年以上<br />\r\n学历要求：本科<br />\r\n招聘人数：1名<br />\r\n发布时间：2009-12-07<br />\r\n__________________________________________________________________________________</div>\r\n<div class="jobtit">职位描述</div>\r\n<div class="jobintro">本公司即将设立上海办事处，招聘华东区销售经理一名，负责拓展华东地区业务&nbsp;<br />\r\n<br />\r\n___________________________________________________________________________________</div>\r\n<div class="jobtit">招聘要求</div>\r\n<div class="jobintro">具有良好的销售和团队管理理念三年以上销售工作经验，一年以上销售经理经验工作责任心强，能承受较大的工作压力&nbsp;</div>\r\n<div class="jobcontact">联 系 人：华海<br />\r\n联系电话：021-87654321<br />\r\n电子邮件：huahai@mycompany.com</div>\r\n</div>', '', 1, 1, '', '2010-12-06', '2010-12-06 13:47:24', '2011-04-14 21:58:29', '0000-00-00 00:00:00', 0);
INSERT INTO `newsinfo` VALUES (60, 7, 0, 1, '负责拓展华东地区业务,招聘华东区销售经理', '', '<div id="jobcontent">\r\n<div class="jobitem">职位名称：华东区销售经理<br />\r\n职位类型：全职<br />\r\n工作经验：3年以上<br />\r\n学历要求：本科<br />\r\n招聘人数：1名<br />\r\n发布时间：2009-12-07<br />\r\n__________________________________________________________________________________</div>\r\n<div class="jobtit">职位描述</div>\r\n<div class="jobintro">本公司即将设立上海办事处，招聘华东区销售经理一名，负责拓展华东地区业务&nbsp;<br />\r\n<br />\r\n___________________________________________________________________________________</div>\r\n<div class="jobtit">招聘要求</div>\r\n<div class="jobintro">具有良好的销售和团队管理理念三年以上销售工作经验，一年以上销售经理经验工作责任心强，能承受较大的工作压力&nbsp;</div>\r\n<div class="jobcontact">联 系 人：华海<br />\r\n联系电话：021-87654321<br />\r\n电子邮件：huahai@mycompany.com</div>\r\n</div>', '', 1, 1, '', '2011-04-14', '2011-04-14 22:00:27', '2011-04-14 22:00:39', '0000-00-00 00:00:00', 0);
INSERT INTO `newsinfo` VALUES (24, 7, 0, 1, '招聘华东区销售经理一名，负责拓展华东地区业务 ', '', '<div id="jobcontent">\r\n<div class="jobitem">职位名称：总会计师<br />\r\n职位类型：全职<br />\r\n工作经验：3年以上<br />\r\n学历要求：本科<br />\r\n招聘人数：1名<br />\r\n发布时间：2009-12-07<br />\r\n__________________________________________________________________________________</div>\r\n<div class="jobtit">职位描述</div>\r\n<div class="jobintro">本公司即将设立上海办事处，招聘华东区销售经理一名，负责拓展华东地区业务&nbsp;<br />\r\n<br />\r\n___________________________________________________________________________________</div>\r\n<div class="jobtit">招聘要求</div>\r\n<div class="jobintro">具有良好的销售和团队管理理念三年以上销售工作经验，一年以上销售经理经验工作责任心强，能承受较大的工作压力&nbsp;</div>\r\n<div class="jobcontact">联 系 人：华海<br />\r\n联系电话：021-87654321<br />\r\n电子邮件：huahai@mycompany.com</div>\r\n</div>', '', 1, 1, '', '2010-12-06', '2010-12-06 13:48:01', '2011-04-14 21:57:29', '0000-00-00 00:00:00', 0);
INSERT INTO `newsinfo` VALUES (61, 7, 0, 1, '招聘华东区销售一名，负责拓展华东地区业务 ', '', '<div id="jobcontent">\r\n<div class="jobitem">职位名称：华东区销售<br />\r\n职位类型：全职<br />\r\n工作经验：3年以上<br />\r\n学历要求：本科<br />\r\n招聘人数：1名<br />\r\n发布时间：2009-12-07<br />\r\n__________________________________________________________________________________</div>\r\n<div class="jobtit">职位描述</div>\r\n<div class="jobintro">本公司即将设立上海办事处，招聘华东区销售经理一名，负责拓展华东地区业务&nbsp;<br />\r\n<br />\r\n___________________________________________________________________________________</div>\r\n<div class="jobtit">招聘要求</div>\r\n<div class="jobintro">具有良好的销售和团队管理理念三年以上销售工作经验，一年以上销售经理经验工作责任心强，能承受较大的工作压力&nbsp;</div>\r\n<div class="jobcontact">联 系 人：华海<br />\r\n联系电话：021-87654321<br />\r\n电子邮件：huahai@mycompany.com</div>\r\n</div>', '', 1, 1, '', '2011-04-14', '2011-04-14 22:01:32', '0000-00-00 00:00:00', '0000-00-00 00:00:00', 0);
INSERT INTO `newsinfo` VALUES (62, 7, 0, 1, '具有良好的销售和团队管理理念三年以上销售工作经验', '', '<div id="jobcontent">\r\n<div class="jobitem">职位名称：华东区销售<br />\r\n职位类型：全职<br />\r\n工作经验：3年以上<br />\r\n学历要求：本科<br />\r\n招聘人数：1名<br />\r\n发布时间：2009-12-07<br />\r\n__________________________________________________________________________________</div>\r\n<div class="jobtit">职位描述</div>\r\n<div class="jobintro">本公司即将设立上海办事处，招聘华东区销售经理一名，负责拓展华东地区业务&nbsp;<br />\r\n<br />\r\n___________________________________________________________________________________</div>\r\n<div class="jobtit">招聘要求</div>\r\n<div class="jobintro">具有良好的销售和团队管理理念三年以上销售工作经验，一年以上销售经理经验工作责任心强，能承受较大的工作压力&nbsp;</div>\r\n<div class="jobcontact">联 系 人：华海<br />\r\n联系电话：021-87654321<br />\r\n电子邮件：huahai@mycompany.com</div>\r\n</div>', '', 1, 1, '', '2011-04-14', '2011-04-14 22:02:47', '2011-04-14 22:03:14', '0000-00-00 00:00:00', 0);
INSERT INTO `newsinfo` VALUES (63, 7, 0, 1, '一年以上销售经理经验工作责任心强', '', '<div id="jobcontent">\r\n<div class="jobitem">职位名称：华东区销售<br />\r\n职位类型：全职<br />\r\n工作经验：3年以上<br />\r\n学历要求：本科<br />\r\n招聘人数：1名<br />\r\n发布时间：2009-12-07<br />\r\n__________________________________________________________________________________</div>\r\n<div class="jobtit">职位描述</div>\r\n<div class="jobintro">本公司即将设立上海办事处，招聘华东区销售经理一名，负责拓展华东地区业务&nbsp;<br />\r\n<br />\r\n___________________________________________________________________________________</div>\r\n<div class="jobtit">招聘要求</div>\r\n<div class="jobintro">具有良好的销售和团队管理理念三年以上销售工作经验，一年以上销售经理经验工作责任心强，能承受较大的工作压力&nbsp;</div>\r\n<div class="jobcontact">联 系 人：华海<br />\r\n联系电话：021-87654321<br />\r\n电子邮件：huahai@mycompany.com</div>\r\n</div>', '', 1, 1, '', '2011-04-14', '2011-04-14 22:03:02', '0000-00-00 00:00:00', '0000-00-00 00:00:00', 0);
INSERT INTO `newsinfo` VALUES (64, 7, 0, 1, '本公司设立上海办事处，能承受较大的工作压力 ', '', '<div id="jobcontent">\r\n<div class="jobitem">职位名称：华东区销售<br />\r\n职位类型：全职<br />\r\n工作经验：3年以上<br />\r\n学历要求：本科<br />\r\n招聘人数：1名<br />\r\n发布时间：2009-12-07<br />\r\n__________________________________________________________________________________</div>\r\n<div class="jobtit">职位描述</div>\r\n<div class="jobintro">本公司即将设立上海办事处，招聘华东区销售经理一名，负责拓展华东地区业务&nbsp;<br />\r\n<br />\r\n___________________________________________________________________________________</div>\r\n<div class="jobtit">招聘要求</div>\r\n<div class="jobintro">具有良好的销售和团队管理理念三年以上销售工作经验，一年以上销售经理经验工作责任心强，能承受较大的工作压力&nbsp;</div>\r\n<div class="jobcontact">联 系 人：华海<br />\r\n联系电话：021-87654321<br />\r\n电子邮件：huahai@mycompany.com</div>\r\n</div>', '', 1, 1, '', '2011-04-14', '2011-04-14 22:03:49', '0000-00-00 00:00:00', '0000-00-00 00:00:00', 0);
INSERT INTO `newsinfo` VALUES (77, 3, 0, 1, '中国面料企业将如何发展2', '中国面料企业将如何发展', '中国面料企业将如何发展中国面料企业将如何发展中国面料企业将如何发展中国面料企业将如何发展中国面料企业将如何发展中国面料企业将如何发展中国面料企业将如何发展中国面料企业将如何发展中国面料企业将如何发展中国面料企业将如何发展中国面料企业将如何发展中国面料企业将如何发展中国面料企业将如何发展中国面料企业将如何发展中国面料企业将如何发展中国面料企业将如何发展', '', 1, 1, '', '2011-11-22', '2011-11-22 10:59:03', '0000-00-00 00:00:00', '0000-00-00 00:00:00', 0);
INSERT INTO `newsinfo` VALUES (78, 16, 0, 1, '超市视频监控系统', '', '', '', 1, 1, '', '2011-12-04', '2011-12-04 10:54:20', '0000-00-00 00:00:00', '0000-00-00 00:00:00', 0);
INSERT INTO `newsinfo` VALUES (79, 16, 0, 1, '办公大楼视频监控解决方案', '', '', '', 1, 1, '', '2011-12-04', '2011-12-04 10:54:41', '0000-00-00 00:00:00', '0000-00-00 00:00:00', 0);
INSERT INTO `newsinfo` VALUES (80, 16, 0, 1, '工厂监控解决方案', '', '', '', 1, 1, '', '2011-12-04', '2011-12-04 10:54:54', '0000-00-00 00:00:00', '0000-00-00 00:00:00', 0);
INSERT INTO `newsinfo` VALUES (81, 16, 0, 1, '店铺、连锁店、商铺监控系统解决方案', '', '', '', 1, 1, '', '2011-12-04', '2011-12-04 10:55:06', '0000-00-00 00:00:00', '0000-00-00 00:00:00', 0);
INSERT INTO `newsinfo` VALUES (82, 16, 0, 1, '红外摄像机夜视监控系统的四项问题', '', '', '', 1, 1, '', '2011-12-04', '2011-12-04 10:55:19', '0000-00-00 00:00:00', '0000-00-00 00:00:00', 0);

-- --------------------------------------------------------

-- 
-- 表的结构 `newspic`
-- 

CREATE TABLE `newspic` (
  `id_newspic` int(11) NOT NULL auto_increment,
  `id_newsinfo` int(11) NOT NULL,
  `id_hr` int(11) NOT NULL,
  `title` varchar(250) NOT NULL,
  `intro` text NOT NULL,
  `url` varchar(250) NOT NULL,
  `opicname` varchar(250) NOT NULL,
  `spicname` varchar(250) NOT NULL,
  `dele` int(1) NOT NULL default '1',
  `type` varchar(3) NOT NULL,
  `indate` datetime NOT NULL,
  `modate` datetime NOT NULL,
  `deldate` datetime NOT NULL,
  `browsecount` int(11) NOT NULL,
  PRIMARY KEY  (`id_newspic`)
) ENGINE=MyISAM  DEFAULT CHARSET=utf8 AUTO_INCREMENT=16 ;

-- 
-- 导出表中的数据 `newspic`
-- 

INSERT INTO `newspic` VALUES (11, 82, 1, '', '', '', '1322967329.pdf', '', 1, 'PDF', '2011-12-04 10:55:29', '0000-00-00 00:00:00', '0000-00-00 00:00:00', 0);
INSERT INTO `newspic` VALUES (8, 76, 1, '', '', '', '1321842554.JPG', '', 1, 'JPG', '2011-11-21 10:29:14', '0000-00-00 00:00:00', '0000-00-00 00:00:00', 0);
INSERT INTO `newspic` VALUES (12, 81, 1, '', '', '', '1322967342.pdf', '', 1, 'PDF', '2011-12-04 10:55:42', '0000-00-00 00:00:00', '0000-00-00 00:00:00', 0);
INSERT INTO `newspic` VALUES (13, 80, 1, '', '', '', '1322967354.pdf', '', 1, 'PDF', '2011-12-04 10:55:55', '0000-00-00 00:00:00', '0000-00-00 00:00:00', 0);
INSERT INTO `newspic` VALUES (14, 79, 1, '', '', '', '1322967364.pdf', '', 1, 'PDF', '2011-12-04 10:56:04', '0000-00-00 00:00:00', '0000-00-00 00:00:00', 0);
INSERT INTO `newspic` VALUES (15, 78, 1, '', '', '', '1322967376.pdf', '', 1, 'PDF', '2011-12-04 10:56:16', '0000-00-00 00:00:00', '0000-00-00 00:00:00', 0);

-- --------------------------------------------------------

-- 
-- 表的结构 `pageset`
-- 

CREATE TABLE `pageset` (
  `id_pageset` int(11) NOT NULL auto_increment,
  `lang` int(1) NOT NULL default '1',
  `title` varchar(250) NOT NULL,
  `url` text NOT NULL,
  `pagetitle` text NOT NULL,
  `keywords` text NOT NULL,
  `description` text NOT NULL,
  `content` text NOT NULL,
  PRIMARY KEY  (`id_pageset`)
) ENGINE=MyISAM  DEFAULT CHARSET=utf8 AUTO_INCREMENT=11 ;

-- 
-- 导出表中的数据 `pageset`
-- 

INSERT INTO `pageset` VALUES (1, 1, '品牌介绍', '11', '', '', '', '<br />\r\n公司主要生产电站锅炉金属结构、高层建筑钢结构、厂房钢结构、桥梁钢结构、塔类钢结构、风力发电塔以及电站锅炉消声器、空气预热器传热元件、壳体、风门、烟道等系列产品。公司钢结构产品的制作能力为120000吨/年，空气预热器传热元件4000吨/年。依靠先进的管理和技术，优质的产品和服务，使公司在国内外同行业占有举足轻重的地位，是我国火电行业金属结构制造和辅机制造的重要基地。');
INSERT INTO `pageset` VALUES (2, 1, '公司简介', '', '', '', '', '<font color="#2469a2" size="3"><br />\r\nAbout us&nbsp;</font><br />\r\n<font color="#5e5d5d" size="3">Leading, free open-source solution</font>\r\n<p>采用进口全新的自动化织造、染整设备，运用先进技术与现代化、科学化的管理，开展高档仿真多机能性纤维面料与舒适天然纤维面料的织造生产、印染、后整理加工及销售业务。公司占地183亩，厂房面积60,000余平方米，现有员工1200余人。目前拥有日制喷水织布机300台、喷气织布机240台及宽幅织布机22台、意大利制剑杆织布机12台及数十台相关进口染整设备，并建有完善的检测实验室。年产高档涤纶面料2500万米，棉麻丝等天然纤维面料2000万米；主要销往欧美、加拿大、日本、香港、中东及其他亚洲国家，目前仍以外销为主，未来将积极开发国内市场。公司出口额自1999年的1900万美元增至2007年的6400万美元，持续5年获得先进出口企业&ldquo;金龙奖&rdquo;。<br />\r\n&nbsp;&nbsp;&nbsp;&nbsp;&nbsp;</p>\r\n<p>公司于2002年成功通过ISO9001:2000标准质量体系认证，并持续贯彻&ldquo;一流品质、相互信赖、优质服务、研发创新&rdquo;的品质政策，与国内外的品牌客户合作，积极开发高科技、功能性等环保型及运动型布种，使公司的产品在国内外市场上更具竞争力。年产高档涤纶面料2500万米，棉麻丝等天然纤维面料2000万米；主要销往欧美、加拿大、日本、香港、中东及其他亚洲国家，目前仍以外销为主，未来将积极开发国内市场。公司出口额自1999年的1900万美元增至2007年的6400万美元，持续5年获得先进出口企业&ldquo;金龙奖&rdquo;。公司于2002年成功通过ISO9001:2000标准质量体系认证，并持续贯彻&ldquo;一流品质、相互信赖、优质服务、研发创新&rdquo;的品质政策，与国内外的品牌客户合作，积极开发高科技、功能性等环保型及运动型布种，使公司的产品在国内外市场上更具竞争力。</p>\r\n<p><font color="#2469a2" size="3"><strong><strike>&nbsp;&nbsp;&nbsp;&nbsp;&nbsp;&nbsp;&nbsp;&nbsp;&nbsp;&nbsp;&nbsp;&nbsp;&nbsp;&nbsp;&nbsp;&nbsp;&nbsp;&nbsp;&nbsp;&nbsp;&nbsp;&nbsp;&nbsp;&nbsp;&nbsp;&nbsp;&nbsp;&nbsp;&nbsp;&nbsp;&nbsp;&nbsp;&nbsp;&nbsp;&nbsp;&nbsp;&nbsp;&nbsp;&nbsp;&nbsp;&nbsp;&nbsp;&nbsp;&nbsp;&nbsp;&nbsp;&nbsp;&nbsp;&nbsp;&nbsp;&nbsp;&nbsp;&nbsp;&nbsp;&nbsp;&nbsp;&nbsp;&nbsp;&nbsp;&nbsp;&nbsp;&nbsp;&nbsp;&nbsp;&nbsp;&nbsp;&nbsp;&nbsp;&nbsp;&nbsp;&nbsp;&nbsp;&nbsp;&nbsp;&nbsp;&nbsp;&nbsp;&nbsp; &nbsp;&nbsp;&nbsp;&nbsp;&nbsp;&nbsp;&nbsp; </strike><br />\r\n</strong>Features&nbsp;</font><br />\r\n<font color="#424242" size="3"><font color="#5e5d5d">We&nbsp; most useful and common modules.</font> </font></p>\r\n<p>公司于2002年成功通过ISO9001:2000标准质量体系认证，并持续贯彻&ldquo;一流品质、相互信赖、优质服务、研发创新&rdquo;的品质政策，与国内外的品牌客户合作，积极开发高科技、功能性等环保型及运动型布种，使公司的产品在国内外市场上更具竞争力。年产高档涤纶面料2500万米，棉麻丝等天然纤维面料2000万米；主要销往欧美、加拿大、日本、香港、中东及其他亚洲国家，目前仍以外销为主，未来将积极开发国内市场。公司出口额自1999年的1900万美元增至2007年的6400万美元，持续5年获得先进出口企业&ldquo;金龙奖&rdquo;。公司于2002年成功通过ISO9001:2000标准质量体系认证，并持续贯彻&ldquo;一流品质、相互信赖、优质服务、研发创新&rdquo;的品质政策，与国内外的品牌客户合作，积极开发高科技、功能性等环保型及运动型布种，使公司的产品在国内外市场上更具竞争力。</p>');
INSERT INTO `pageset` VALUES (3, 1, '组织机构', '', '', '', '', '<p><img width="661" height="555" alt="" src="/upload/other/3218476071.jpg" /></p>');
INSERT INTO `pageset` VALUES (7, 1, '总裁致辞', '', '', '', '', '&nbsp;<br />\r\n<br />\r\n&nbsp;&nbsp;&nbsp;&nbsp;&nbsp;<br />\r\n公司以发展、责任为公司的核心理念，以倡导环境和谐幸福，打造最具品质的生活为不懈追求的目标。永恒的品质可以无视时间的痕迹，在品质的历程上一线之隔就可以把成功与失败更替。今天的人们，已经非常了解自我的需求，其价值不在于每天的享用，更在于永久的魅力。我们深知，只有品质才是永恒弥久的信念。面对激烈的市场竟争环境，始终坚持求新求变，不断发展的经营的基本思想，主动实行前瞻性的战略转变。正是凭借着一大批艰苦创业、敬业开拓、团结奋进创造出一个又一个的佳绩，形成了自己独特的文化理念和经营管理方式。专业历程，打造着中高档品牌的典范，见证了中国电动车行业的发展历程，见证并推动了中国电动车行业的技术成长之路。<br />\r\n<br />\r\n<br />\r\n今天，全新的创意与永久的品质使其脱颖而出，成为时代的新偶像。品质先，创新先，共赢先。真诚希望与国内外友人依托电动科技产业, 携手共创世界的幸福明天。公司以发展、责任为公司的核心理念，以倡导环境和谐幸福，打造最具品质的生活为不懈追求的目标。永恒的品质可以无视时间的痕迹，在品质的历程上一线之隔就可以把成功与失败更替。<br />\r\n<br />\r\n<br />\r\n今天的人们，已经非常了解自我的需求，其价值不在于每天的享用，更在于永久的魅力。我们深知，只有品质才是永恒弥久的信念。面对激烈的市场竟争环境，始终坚持求新求变，不断发展的经营的基本思想，主动实行前瞻性的战略转变。正是凭借着一大批艰苦创业、敬业开拓、团结奋进创造出一个又一个的佳绩，形成了自己独特的文化理念和经营管理方式。专业历程，打造着中高档品牌的典范，见证了中国电动车行业的发展历程，见证并推动了中国电动车行业的技术成长之路。今天，全新的创意与永久的品质使其脱颖而出，成为时代的新偶像。');
INSERT INTO `pageset` VALUES (4, 1, '设备展示', '', '', '', '', '<p>\r\n<table border="0" cellspacing="2" cellpadding="2" width="100%">\r\n    <tbody>\r\n        <tr>\r\n            <td colspan="4">\r\n            <p align="left"><br />\r\n            公司于2002年成功通过ISO9001:2000标准质量体系认证，并持续贯彻&ldquo;一流品质、相互信赖、优质服务、研发创新&rdquo;的品质政策，与国内外的品牌客户合作，积极开发高科技、功能性等环保型及运动型布种，使公司的产品在国内外市场上更具竞争力。年产高档涤纶面料2500万米，棉麻丝等天然纤维面料2000万米；主要销往欧美、加拿大、日本、香港、中东及其他亚洲国家，目前仍以外销为主，未来将积极开发国内市场。公司出口额自1999年的1900万美元增至2007年的6400万美元，持续5年获得先进出口企业&ldquo;金龙奖&rdquo;。公司于2002年成功通过ISO9001:2000标准质量体系认证，并持续贯彻&ldquo;一流品质、相互信赖、优质服务、研发创新&rdquo;的品质政策，与国内外的品牌客户合作，积极开发高科技、功能性等环保型及运动型布种，使公司的产品在国内外市场上更具竞争力。&nbsp;<br />\r\n            &nbsp;&nbsp;&nbsp;&nbsp;&nbsp;</p>\r\n            </td>\r\n        </tr>\r\n        <tr>\r\n            <td>\r\n            <p align="center"><img alt="" width="150" height="95" src="/upload/layout/1302830602.gif" /></p>\r\n            </td>\r\n            <td>\r\n            <p align="center"><img alt="" width="150" height="95" src="/upload/layout/1302830512.gif" /></p>\r\n            </td>\r\n            <td>\r\n            <p align="center"><img alt="" width="150" height="95" src="/upload/layout/1302830523.gif" /></p>\r\n            </td>\r\n            <td>\r\n            <p align="center"><img alt="" width="150" height="95" src="/upload/layout/1302830544.gif" /></p>\r\n            </td>\r\n        </tr>\r\n        <tr>\r\n            <td>\r\n            <p align="center">生产设备</p>\r\n            </td>\r\n            <td>\r\n            <p align="center">公司厂房</p>\r\n            </td>\r\n            <td>\r\n            <p align="center">生产设备</p>\r\n            </td>\r\n            <td>\r\n            <p align="center">公司厂房</p>\r\n            </td>\r\n        </tr>\r\n    </tbody>\r\n</table>\r\n</p>\r\n<table border="0" cellspacing="2" cellpadding="2" width="100%">\r\n    <tbody>\r\n        <tr>\r\n            <td>\r\n            <p align="center"><img alt="" width="150" height="95" src="/upload/layout/1302830512.gif" /></p>\r\n            </td>\r\n            <td>\r\n            <p align="center"><img alt="" width="150" height="95" src="/upload/layout/1302830602.gif" /></p>\r\n            </td>\r\n            <td>\r\n            <p align="center"><img alt="" width="150" height="95" src="/upload/layout/1302830544.gif" /></p>\r\n            </td>\r\n            <td>\r\n            <p align="center"><img alt="" width="150" height="95" src="/upload/layout/1302830523.gif" /></p>\r\n            </td>\r\n        </tr>\r\n        <tr>\r\n            <td>\r\n            <p align="center">公司厂房</p>\r\n            </td>\r\n            <td>\r\n            <p align="center">生产设备</p>\r\n            </td>\r\n            <td>\r\n            <p align="center">公司厂房</p>\r\n            </td>\r\n            <td>\r\n            <p align="center">三信三优</p>\r\n            </td>\r\n        </tr>\r\n    </tbody>\r\n</table>');
INSERT INTO `pageset` VALUES (5, 1, '联系我们', '', '', '', '', '<table border="0" cellspacing="0" cellpadding="0" width="100%">\r\n    <tbody>\r\n        <tr>\r\n            <td>\r\n            <p>总公司 <br />\r\n            地　址 南京市杭州莫干山路2168号科技园E楼213室 <br />\r\n            电　话 025-8654321,82,83,91<br />\r\n            传　真 025-8654321,8654321<br />\r\n            手　机 (0)13701321456 <br />\r\n            邮　箱 <a href="mailto:njyuanhuan@gmail.com">sakse@gmail.com</a>&nbsp;</p>\r\n            <p>上海办 <br />\r\n            地　址 上海市莫干山路2168号汽车南站旁<br />\r\n            电　话 010-8654321&nbsp;&nbsp; 8654321 <br />\r\n            传　真 010-8654321</p>\r\n            </td>\r\n        </tr>\r\n        <!--p if($setinfo[mapcode]!=&acute;&acute;)-->\r\n        <tr>\r\n            <td><!--p echo $setinfo[mapcode]--></td>\r\n        </tr>\r\n        <tr>\r\n            <td><iframe height="160" marginheight="0" src="http://maps.google.com.hk/maps?f=q&amp;source=s_q&amp;hl=en&amp;geocode=&amp;q=%E5%8D%97%E4%BA%AC%E5%B8%82%E5%BE%A1%E9%81%93%E8%A1%9729%E5%8F%B7%E5%8D%97%E8%88%AA%E7%A7%91%E6%8A%80%E5%9B%ADE%E6%A5%BC211%E5%AE%A4&amp;sll=22.38131,114.168639&amp;sspn=0.902842,1.234589&amp;brcurrent=3,0x0:0x0,0&amp;ie=UTF8&amp;hq=%E5%BE%A1%E9%81%93%E8%A1%9729%E5%8F%B7%E5%8D%97%E8%88%AA%E7%A7%91%E6%8A%80%E5%9B%ADE%E6%A5%BC211%E5%AE%A4&amp;hnear=Nanjing,+Jiangsu,+China&amp;ll=32.034674,118.817537&amp;spn=0.056278,0.045452&amp;output=embed" frameborder="0" width="740" marginwidth="0" scrolling="no"></iframe><br />\r\n            <small><a style="text-align: left; color: #0000ff" href="http://maps.google.com.hk/maps?f=q&amp;source=embed&amp;hl=en&amp;geocode=&amp;q=%E5%8D%97%E4%BA%AC%E5%B8%82%E5%BE%A1%E9%81%93%E8%A1%9729%E5%8F%B7%E5%8D%97%E8%88%AA%E7%A7%91%E6%8A%80%E5%9B%ADE%E6%A5%BC211%E5%AE%A4&amp;sll=22.38131,114.168639&amp;sspn=0.902842,1.234589&amp;brcurrent=3,0x0:0x0,0&amp;ie=UTF8&amp;hq=%E5%BE%A1%E9%81%93%E8%A1%9729%E5%8F%B7%E5%8D%97%E8%88%AA%E7%A7%91%E6%8A%80%E5%9B%ADE%E6%A5%BC211%E5%AE%A4&amp;hnear=Nanjing,+Jiangsu,+China&amp;ll=32.034674,118.817537&amp;spn=0.056278,0.045452">View Larger Map</a></small></td>\r\n        </tr>\r\n        <!--p -->\r\n    </tbody>\r\n</table>');
INSERT INTO `pageset` VALUES (6, 1, '公司荣誉', '', '', '', '', '<table border="0" cellspacing="8" cellpadding="8" width="100%">\r\n    <tbody>\r\n        <tr>\r\n            <td valign="top" width="50%" align="left">\r\n            <p><font color="#ff530a" size="3"><strong><strike><br />\r\n            </strike></strong><strike>&nbsp;&nbsp;&nbsp;&nbsp;&nbsp;&nbsp;&nbsp;&nbsp;&nbsp;&nbsp;&nbsp;&nbsp;&nbsp;&nbsp;&nbsp;&nbsp;&nbsp;&nbsp;&nbsp;&nbsp;&nbsp;&nbsp;&nbsp;&nbsp;&nbsp;&nbsp;&nbsp;&nbsp;&nbsp;&nbsp;&nbsp;&nbsp;&nbsp;&nbsp;&nbsp;&nbsp;&nbsp;&nbsp;&nbsp;&nbsp;&nbsp;&nbsp;&nbsp;&nbsp;&nbsp;&nbsp;&nbsp;&nbsp;&nbsp;&nbsp;&nbsp;&nbsp;&nbsp;&nbsp;&nbsp;&nbsp;&nbsp;&nbsp;&nbsp;&nbsp;&nbsp;&nbsp;&nbsp;&nbsp;&nbsp;&nbsp;&nbsp;&nbsp;&nbsp;&nbsp;&nbsp;&nbsp;&nbsp;&nbsp;&nbsp;&nbsp;&nbsp;&nbsp;&nbsp;&nbsp;&nbsp;&nbsp;&nbsp;&nbsp;&nbsp;&nbsp;&nbsp;&nbsp;&nbsp;&nbsp;&nbsp;&nbsp;&nbsp;&nbsp;&nbsp;&nbsp;&nbsp;&nbsp;&nbsp;&nbsp;&nbsp;&nbsp;&nbsp;&nbsp;</strike><br />\r\n            </font><img style="margin-right: 10px" alt="" align="left" width="151" height="141" src="/upload/layout/1302829775.jpg" />上海某某化纤纺织公司采用进口全新的自动化织造、染整设备，运用先进技术与现代化、科学化的管理，开展高档仿真多机能性纤维面料与舒适天然纤维面料的织造生产、印染、后整理加工及销售业务。公司占地183亩，厂房面积60,000余平方米，现有员工1200余人。目前拥有日制喷水织布机300台、喷气织布机240台及宽幅织布机22台、意大利制剑杆织布机12台及数十台相关进口染整设备，并建有完善的检测实验室。年产高档涤纶面料2500万米，棉麻丝等天然纤维面料2000万米；主要销往欧美、加拿大、日本、香港、中东及其他亚洲国家，目前仍以外销为主，未来将积极开发国内市场。公司出口额自1999年的1900万美元增至2007年的6400万美元，持续5年获得先进出口企业&ldquo;金龙奖&rdquo;。<br />\r\n            &nbsp;&nbsp;&nbsp;&nbsp;&nbsp; 公司于2002年成功通过ISO9001:2000标准质量体系认证，并持续贯彻&ldquo;一流品质、相互信赖、优质服务、研发创新&rdquo;的品质政策，与国内外的品牌客户合作，积极开发高科技、功能性等环保型及运动型布种，使公司的产品在国内外市场上更具竞争力。年产高档涤纶面料2500万米，棉麻丝等天然纤维面料2000万米；主要销往欧美、加拿大、日本、香港、中东及其他亚洲国家，目前仍以外销为主，未来将积极开发国内市场。公司出口额自1999年的1900万美元增至2007年的6400万美元，持续5年获得先进出口企业&ldquo;金龙奖&rdquo;。公司于2002年成功通过ISO9001:2000标准质量体系认证，并持续贯彻&ldquo;一流品质、相互信赖、优质服务、研发创新&rdquo;的品质政策，与国内外的品牌客户合作，积极开发高科技、功能性等环保型及运动型布种，使公司的产品在国内外市场上更具竞争力。&nbsp;</p>\r\n            </td>\r\n        </tr>\r\n        <tr>\r\n            <td valign="top" width="50%" align="left">\r\n            <table border="0" cellspacing="2" cellpadding="2" width="100%">\r\n                <tbody>\r\n                    <tr>\r\n                        <td>\r\n                        <p align="center"><img alt="" width="150" height="95" src="/upload/layout/1302829976.gif" /></p>\r\n                        </td>\r\n                        <td>\r\n                        <p align="center"><img alt="" width="150" height="95" src="/upload/layout/1302830044.gif" /></p>\r\n                        </td>\r\n                        <td>\r\n                        <p align="center"><img alt="" width="150" height="95" src="/upload/layout/1302830121.gif" /></p>\r\n                        </td>\r\n                        <td>\r\n                        <p align="center"><img alt="" width="150" height="95" src="/upload/layout/1302829976.gif" /></p>\r\n                        </td>\r\n                    </tr>\r\n                    <tr>\r\n                        <td>\r\n                        <p align="center">三信三优</p>\r\n                        </td>\r\n                        <td>\r\n                        <p align="center">会长单位</p>\r\n                        </td>\r\n                        <td>\r\n                        <p align="center">质量认证&nbsp;</p>\r\n                        </td>\r\n                        <td>\r\n                        <p align="center">三信三优</p>\r\n                        </td>\r\n                    </tr>\r\n                </tbody>\r\n            </table>\r\n            </td>\r\n        </tr>\r\n    </tbody>\r\n</table>');
INSERT INTO `pageset` VALUES (8, 1, '售后服务', '', '', '', '', '&nbsp;&nbsp;&nbsp;&nbsp;&nbsp; 自信、自律，自立、自强客户：为客户提供高质量和最大价值的专业化产品和服务，以真诚和实力赢得客户的理解、尊重和支持。员工：信任员工的努力和奉献，承认员工的成就并提供相应回报，为员工创造良好的工作环境和发展前景。市场：为客户降低采购成本和风险，为客户投资提供切实保障。 发展：追求永续发展的目标，并把它建立在客户满意的基础上。企业精神：自信、自律，自立、自强客户：为客户提供高质量和最大价值的专业化产品和服务，以真诚和实力赢得客户的理解、尊重和支持。员工：信任员工的努力和奉献，承认员工的成就并提供相应回报，为员工创造良好的工作环境和发展前景。市场：为客户降低采购成本和风险，为客户投资提供切实保障。 发展：追求永续发展的目标，并把它建立在客户满意的基础上。自信、自律，自立、自强客户：为客户提供高质量和最大价值的专业化产品和服务，以真诚和实力赢得客户的理解、尊重和支持。员工：信任员工的努力和奉献，承认员工的成就并提供相应回报，为员工创造良好的工作环境和发展前景。市场：为客户降低采购成本和风险，为客户投资提供切实保障。 发展：追求永续发展的目标，并把它建立在客户满意的基础上。企业精神：自信、自律，自立、自强客户：为客户提供高质量和最大价值的专业化产品和服务，以真诚和实力赢得客户的理解、尊重和支持。');
INSERT INTO `pageset` VALUES (9, 1, '成功案例', '', '', '', '', '<font color="#2469a2" size="3">Features&nbsp;</font><br />\r\n<font color="#424242" size="3"><font color="#5e5d5d">We&nbsp; most useful and common modules.</font> </font></p>\r\n<p>公司于2002年成功通过ISO9001:2000标准质量体系认证，并持续贯彻&ldquo;一流品质、相互信赖、优质服务、研发创新&rdquo;的品质政策，与国内外的品牌客户合作，积极开发高科技、功能性等环保型及运动型布种，使公司的产品在国内外市场上更具竞争力。年产高档涤纶面料2500万米，棉麻丝等天然纤维面料2000万米；主要销往欧美、加拿大、日本、香港、中东及其他亚洲国家，目前仍以外销为主，未来将积极开发国内市场。公司出口额自1999年的1900万美元增至2007年的6400万美元，持续5年获得先进出口企业&ldquo;金龙奖&rdquo;。公司于2002年成功通过ISO9001:2000标准质量体系认证，并持续贯彻&ldquo;一流品质、相互信赖、优质服务、研发创新&rdquo;的品质政策，与国内外的品牌客户合作，积极开发高科技、功能性等环保型及运动型布种，使公司的产品在国内外市场上更具竞争力');
INSERT INTO `pageset` VALUES (10, 1, '公司简介', '', '', '', '', '上海获裕电子有限公司是专业从事摄像机和矩阵的研发、生产、销售、服务为一体的公司。<br />\r\n<br />\r\n本公司拥有一支高水平的专业研发团队，在引进日本SONY、SHARP和南韩LG技术的基础上，自行设计摄像机产品硬件和软件的研发。产品有彩色系列、黑白系列、日夜两用型摄像机系列。产品被广泛适用于安防、监控、仪器等设备上。同事也可按照客户的特殊要求进行设计研发，以满足于不同的使用环境。<br />\r\n<br />\r\n公司以&ldquo;创新科技、服务市场&rdquo;为宗旨，遵循人性化企业管理，积极开拓市场，目前已形成强大的销售及售后服务网路，业务已辐射到全国，出口到东南亚、欧美、欧洲等国家和地区。公司以优质的产品，完善创新的市场营销服务体系，强大的技术支持服务，秉承&ldquo;诚信、创新、专业&rdquo;的经营理念，以优秀的专业人才和科学高效的管理，一如既往地为广大客户提供更多更好的安全监控产品。<br />\r\n<br />\r\n<img alt="" width="726" height="154" src="/upload/other/3227495712.gif" /><br />');

-- --------------------------------------------------------

-- 
-- 表的结构 `pagesetpic`
-- 

CREATE TABLE `pagesetpic` (
  `id_pagesetpic` int(11) NOT NULL auto_increment,
  `id_pageset` int(11) NOT NULL,
  `id_hr` int(11) NOT NULL,
  `title` varchar(250) NOT NULL,
  `intro` text NOT NULL,
  `url` varchar(250) NOT NULL,
  `opicname` varchar(250) NOT NULL,
  `spicname` varchar(250) NOT NULL,
  `dele` int(1) NOT NULL default '1',
  `type` varchar(3) NOT NULL,
  `indate` datetime NOT NULL,
  `modate` datetime NOT NULL,
  `deldate` datetime NOT NULL,
  `browsecount` int(11) NOT NULL,
  PRIMARY KEY  (`id_pagesetpic`)
) ENGINE=MyISAM  DEFAULT CHARSET=utf8 AUTO_INCREMENT=15 ;

-- 
-- 导出表中的数据 `pagesetpic`
-- 

INSERT INTO `pagesetpic` VALUES (3, 6, 1, '', '', '', '1302829775.jpg', '', 1, 'JPG', '2011-04-14 21:09:38', '0000-00-00 00:00:00', '0000-00-00 00:00:00', 0);
INSERT INTO `pagesetpic` VALUES (4, 6, 1, '', '', '', '1302829976.gif', '', 1, 'GIF', '2011-04-14 21:12:56', '0000-00-00 00:00:00', '0000-00-00 00:00:00', 0);
INSERT INTO `pagesetpic` VALUES (5, 6, 1, '', '', '', '1302830044.gif', '', 1, 'GIF', '2011-04-14 21:14:04', '0000-00-00 00:00:00', '0000-00-00 00:00:00', 0);
INSERT INTO `pagesetpic` VALUES (6, 6, 1, '', '', '', '1302830121.gif', '', 1, 'GIF', '2011-04-14 21:15:23', '0000-00-00 00:00:00', '0000-00-00 00:00:00', 0);
INSERT INTO `pagesetpic` VALUES (11, 4, 1, '', '', '', '1302830602.gif', '', 1, 'GIF', '2011-04-14 21:23:22', '0000-00-00 00:00:00', '0000-00-00 00:00:00', 0);
INSERT INTO `pagesetpic` VALUES (8, 4, 1, '', '', '', '1302830512.gif', '', 1, 'GIF', '2011-04-14 21:21:52', '0000-00-00 00:00:00', '0000-00-00 00:00:00', 0);
INSERT INTO `pagesetpic` VALUES (9, 4, 1, '', '', '', '1302830523.gif', '', 1, 'GIF', '2011-04-14 21:22:04', '0000-00-00 00:00:00', '0000-00-00 00:00:00', 0);
INSERT INTO `pagesetpic` VALUES (10, 4, 1, '', '', '', '1302830544.gif', '', 1, 'GIF', '2011-04-14 21:22:24', '0000-00-00 00:00:00', '0000-00-00 00:00:00', 0);

-- --------------------------------------------------------

-- 
-- 表的结构 `pavy1`
-- 

CREATE TABLE `pavy1` (
  `id_pavy1` int(11) NOT NULL auto_increment,
  `id_hr` int(11) NOT NULL,
  `lang` int(1) NOT NULL default '1',
  `product_visit` int(1) NOT NULL default '0',
  `store_visit` int(1) NOT NULL default '0',
  `news_visit` int(1) NOT NULL default '0',
  `hr_visit` int(1) NOT NULL default '0',
  `pavy_visit` int(1) NOT NULL default '0',
  `data_visit` int(1) NOT NULL default '0',
  `siteset_visit` int(1) NOT NULL default '0',
  `level` int(1) NOT NULL default '0',
  `indate` datetime NOT NULL,
  `modate` datetime NOT NULL,
  `deldate` datetime NOT NULL,
  PRIMARY KEY  (`id_pavy1`)
) ENGINE=MyISAM  DEFAULT CHARSET=utf8 AUTO_INCREMENT=30 ;

-- 
-- 导出表中的数据 `pavy1`
-- 

INSERT INTO `pavy1` VALUES (28, 1, 1, 1, 0, 1, 1, 1, 1, 1, 0, '2011-01-29 18:08:13', '0000-00-00 00:00:00', '0000-00-00 00:00:00');

-- --------------------------------------------------------

-- 
-- 表的结构 `pavy2`
-- 

CREATE TABLE `pavy2` (
  `id_pvay2` int(11) NOT NULL auto_increment,
  `id_hr` int(11) NOT NULL,
  `id_backmenu` int(11) NOT NULL,
  `lang` int(1) NOT NULL default '1',
  `browseprem` int(1) NOT NULL default '0',
  `addprem` int(1) NOT NULL default '0',
  `editprem` int(1) NOT NULL default '0',
  `deleprem` int(1) NOT NULL default '0',
  `display` int(1) NOT NULL default '1',
  `level` int(1) NOT NULL default '0',
  `state` int(1) NOT NULL default '1',
  `indate` datetime NOT NULL,
  `modate` datetime NOT NULL,
  `deldate` datetime NOT NULL,
  PRIMARY KEY  (`id_pvay2`)
) ENGINE=MyISAM  DEFAULT CHARSET=utf8 AUTO_INCREMENT=264 ;

-- 
-- 导出表中的数据 `pavy2`
-- 

INSERT INTO `pavy2` VALUES (246, 1, 46, 1, 1, 1, 1, 1, 1, 0, 1, '2011-01-29 18:08:13', '0000-00-00 00:00:00', '0000-00-00 00:00:00');
INSERT INTO `pavy2` VALUES (245, 1, 41, 1, 1, 1, 1, 1, 1, 0, 1, '2011-01-29 18:08:13', '0000-00-00 00:00:00', '0000-00-00 00:00:00');
INSERT INTO `pavy2` VALUES (244, 1, 39, 1, 1, 1, 1, 1, 1, 0, 1, '2011-01-29 18:08:13', '0000-00-00 00:00:00', '0000-00-00 00:00:00');
INSERT INTO `pavy2` VALUES (243, 1, 22, 1, 1, 1, 1, 1, 1, 0, 1, '2011-01-29 18:08:13', '0000-00-00 00:00:00', '0000-00-00 00:00:00');
INSERT INTO `pavy2` VALUES (242, 1, 21, 1, 1, 1, 1, 1, 1, 0, 1, '2011-01-29 18:08:13', '0000-00-00 00:00:00', '0000-00-00 00:00:00');
INSERT INTO `pavy2` VALUES (241, 1, 20, 1, 1, 1, 1, 1, 1, 0, 1, '2011-01-29 18:08:13', '0000-00-00 00:00:00', '0000-00-00 00:00:00');
INSERT INTO `pavy2` VALUES (240, 1, 19, 1, 1, 1, 1, 1, 1, 0, 1, '2011-01-29 18:08:13', '0000-00-00 00:00:00', '0000-00-00 00:00:00');
INSERT INTO `pavy2` VALUES (239, 1, 18, 1, 1, 1, 1, 1, 1, 0, 1, '2011-01-29 18:08:13', '0000-00-00 00:00:00', '0000-00-00 00:00:00');
INSERT INTO `pavy2` VALUES (238, 1, 17, 1, 1, 1, 1, 1, 1, 0, 1, '2011-01-29 18:08:13', '0000-00-00 00:00:00', '0000-00-00 00:00:00');
INSERT INTO `pavy2` VALUES (237, 1, 16, 1, 1, 1, 1, 1, 1, 0, 1, '2011-01-29 18:08:13', '0000-00-00 00:00:00', '0000-00-00 00:00:00');
INSERT INTO `pavy2` VALUES (236, 1, 15, 1, 1, 1, 1, 1, 1, 0, 1, '2011-01-29 18:08:13', '0000-00-00 00:00:00', '0000-00-00 00:00:00');
INSERT INTO `pavy2` VALUES (235, 1, 47, 1, 1, 1, 1, 1, 1, 0, 1, '2011-01-29 18:08:13', '0000-00-00 00:00:00', '0000-00-00 00:00:00');
INSERT INTO `pavy2` VALUES (234, 1, 8, 1, 1, 1, 1, 1, 1, 0, 1, '2011-01-29 18:08:13', '0000-00-00 00:00:00', '0000-00-00 00:00:00');
INSERT INTO `pavy2` VALUES (233, 1, 9, 1, 1, 1, 1, 1, 1, 0, 1, '2011-01-29 18:08:13', '0000-00-00 00:00:00', '0000-00-00 00:00:00');
INSERT INTO `pavy2` VALUES (247, 1, 48, 1, 1, 1, 1, 1, 1, 0, 1, '2011-03-09 16:42:50', '0000-00-00 00:00:00', '0000-00-00 00:00:00');
INSERT INTO `pavy2` VALUES (263, 1, 49, 1, 1, 1, 1, 1, 1, 0, 1, '2011-04-15 02:03:16', '0000-00-00 00:00:00', '0000-00-00 00:00:00');

-- --------------------------------------------------------

-- 
-- 表的结构 `post`
-- 

CREATE TABLE `post` (
  `id_post` int(11) NOT NULL auto_increment,
  `post` varchar(25) NOT NULL,
  `lang` int(1) NOT NULL default '1',
  PRIMARY KEY  (`id_post`)
) ENGINE=MyISAM  DEFAULT CHARSET=utf8 AUTO_INCREMENT=10 ;

-- 
-- 导出表中的数据 `post`
-- 

INSERT INTO `post` VALUES (1, '普通员工', 1);
INSERT INTO `post` VALUES (2, '物料收发员', 1);
INSERT INTO `post` VALUES (3, 'IQC', 1);
INSERT INTO `post` VALUES (4, '仓库主管', 1);
INSERT INTO `post` VALUES (5, '采购主管', 1);
INSERT INTO `post` VALUES (6, '销售主管', 1);
INSERT INTO `post` VALUES (7, '副总经理', 1);
INSERT INTO `post` VALUES (8, '总经理', 1);
INSERT INTO `post` VALUES (9, '网站管理员', 1);

-- --------------------------------------------------------

-- 
-- 表的结构 `productdir`
-- 

CREATE TABLE `productdir` (
  `id_proddir` int(11) NOT NULL auto_increment,
  `lang` int(1) NOT NULL,
  `name` varchar(50) NOT NULL default '1',
  `intro` text NOT NULL,
  `dele` int(1) NOT NULL default '1',
  `dirurl` varchar(50) NOT NULL,
  `fatherid` int(11) NOT NULL,
  `level` int(1) NOT NULL,
  `ordernum` int(11) NOT NULL,
  PRIMARY KEY  (`id_proddir`)
) ENGINE=MyISAM  DEFAULT CHARSET=utf8 AUTO_INCREMENT=51 ;

-- 
-- 导出表中的数据 `productdir`
-- 

INSERT INTO `productdir` VALUES (1, 0, '标准彩色摄像机', '', 1, '', 0, 1, 1);
INSERT INTO `productdir` VALUES (2, 0, '超宽动态摄像机', '', 1, '', 0, 1, 2);
INSERT INTO `productdir` VALUES (3, 0, '半球彩色摄像机', '', 1, '', 0, 1, 3);
INSERT INTO `productdir` VALUES (4, 0, '红外半球摄像机', '', 1, '', 0, 1, 4);
INSERT INTO `productdir` VALUES (5, 0, '标准彩色摄像机', '', 1, '', 1, 2, 5);
INSERT INTO `productdir` VALUES (6, 0, '半球彩色摄像机', '', 1, '', 3, 2, 6);
INSERT INTO `productdir` VALUES (12, 0, '超宽动态摄像机', '', 1, '', 2, 2, 12);
INSERT INTO `productdir` VALUES (17, 0, '红外半球摄像机', '', 1, '', 4, 2, 17);
INSERT INTO `productdir` VALUES (20, 0, '红外防水摄像机', '', 1, '', 0, 1, 20);
INSERT INTO `productdir` VALUES (22, 0, '红外防水摄像机', '', 1, '', 20, 2, 22);
INSERT INTO `productdir` VALUES (25, 0, '阵列红外摄像机', '', 1, '', 0, 1, 25);
INSERT INTO `productdir` VALUES (26, 0, '阵列红外摄像机', '', 1, '', 25, 2, 26);
INSERT INTO `productdir` VALUES (27, 0, '双CCD红外防水摄像机', '', 1, '', 0, 1, 27);
INSERT INTO `productdir` VALUES (28, 0, '双CCD红外防水摄像机', '', 1, '', 27, 2, 28);
INSERT INTO `productdir` VALUES (29, 0, '车牌专用摄像机', '', 1, '', 0, 1, 29);
INSERT INTO `productdir` VALUES (30, 0, '车牌专用摄像机', '', 1, '', 29, 2, 30);
INSERT INTO `productdir` VALUES (31, 0, '一体化摄像机', '', 1, '', 0, 1, 31);
INSERT INTO `productdir` VALUES (32, 0, '一体化摄像机', '', 1, '', 31, 2, 32);
INSERT INTO `productdir` VALUES (33, 0, '普通球型摄像机', '', 1, '', 0, 1, 33);
INSERT INTO `productdir` VALUES (34, 0, '普通球型摄像机', '', 1, '', 33, 2, 34);
INSERT INTO `productdir` VALUES (35, 0, '高速球型摄像机', '', 1, '', 0, 1, 35);
INSERT INTO `productdir` VALUES (36, 0, '高速球型摄像机', '', 1, '', 35, 2, 36);
INSERT INTO `productdir` VALUES (37, 0, '迷你球型摄像机', '', 1, '', 0, 1, 37);
INSERT INTO `productdir` VALUES (38, 0, '迷你球型摄像机', '', 1, '', 37, 2, 38);
INSERT INTO `productdir` VALUES (39, 0, '红外球型摄像机', '', 1, '', 0, 1, 39);
INSERT INTO `productdir` VALUES (40, 0, '红外球型摄像机', '', 1, '', 39, 2, 40);
INSERT INTO `productdir` VALUES (41, 0, '网络高清摄像机', '', 1, '', 0, 1, 41);
INSERT INTO `productdir` VALUES (42, 0, '网络高清摄像机', '', 1, '', 41, 2, 42);
INSERT INTO `productdir` VALUES (43, 0, '大型网络矩阵', '', 1, '', 0, 1, 43);
INSERT INTO `productdir` VALUES (44, 0, '大型网络矩阵', '', 1, '', 43, 2, 44);
INSERT INTO `productdir` VALUES (45, 0, '超大型网路矩阵', '', 1, '', 0, 1, 45);
INSERT INTO `productdir` VALUES (46, 0, '超大型网路矩阵', '', 1, '', 45, 2, 46);
INSERT INTO `productdir` VALUES (47, 0, '二维主控键盘', '', 1, '', 0, 1, 47);
INSERT INTO `productdir` VALUES (48, 0, '二维主控键盘', '', 1, '', 47, 2, 48);
INSERT INTO `productdir` VALUES (49, 0, '三维主控键盘', '', 1, '', 0, 1, 49);
INSERT INTO `productdir` VALUES (50, 0, '三维主控键盘', '', 1, '', 49, 2, 50);

-- --------------------------------------------------------

-- 
-- 表的结构 `productinfo`
-- 

CREATE TABLE `productinfo` (
  `id_prodinfo` int(11) NOT NULL auto_increment,
  `id_proddir` int(11) NOT NULL,
  `id_hr` int(11) NOT NULL,
  `lang` int(1) NOT NULL default '1',
  `title` varchar(250) NOT NULL,
  `intro` text NOT NULL,
  `content` longtext NOT NULL,
  `tag` text NOT NULL,
  `dele` int(1) NOT NULL default '1',
  `isnew` int(1) NOT NULL default '1',
  `indate` datetime NOT NULL,
  `modate` datetime NOT NULL,
  `deldate` datetime NOT NULL,
  `browsecount` int(11) NOT NULL,
  PRIMARY KEY  (`id_prodinfo`)
) ENGINE=MyISAM  DEFAULT CHARSET=utf8 AUTO_INCREMENT=9 ;

-- 
-- 导出表中的数据 `productinfo`
-- 

INSERT INTO `productinfo` VALUES (1, 5, 0, 1, '标准彩色摄像机', '标准彩色摄像机简介标准彩色摄像机简介标准彩色摄像机简介标准彩色摄像机简介标准彩色摄像机简介标准彩色摄像机简介标准彩色摄像机简介标准彩色摄像机简介标准彩色摄像机简介标准彩色摄像机简介', '<br />\r\n<img alt="" width="726" height="857" src="/upload/other/3227522157.jpg" />', '', 1, 1, '2011-12-01 22:59:44', '2011-12-04 14:47:14', '0000-00-00 00:00:00', 0);
INSERT INTO `productinfo` VALUES (2, 12, 0, 1, '超宽动态摄像机', '超宽动态摄像机简介超宽动态摄像机简介超宽动态摄像机简介超宽动态摄像机简介超宽动态摄像机简介超宽动态摄像机简介超宽动态摄像机简介超宽动态摄像机简介', '<br />\r\n<img alt="" width="726" height="857" src="/upload/other/3227562688.jpg" />', '', 1, 1, '2011-12-02 00:17:49', '2011-12-04 14:47:29', '0000-00-00 00:00:00', 0);
INSERT INTO `productinfo` VALUES (3, 6, 0, 1, '半球彩色摄像机', '半球彩色摄像机简介半球彩色摄像机简介半球彩色摄像机简介半球彩色摄像机简介半球彩色摄像机简介半球彩色摄像机简介半球彩色摄像机简介半球彩色摄像机简介半球彩色摄像机简介半球彩色摄像机简介', '<p><br />\r\n<img alt="" width="726" height="857" src="/upload/other/3227567106.jpg" /></p>', '', 1, 1, '2011-12-02 00:25:06', '2011-12-04 15:01:51', '0000-00-00 00:00:00', 0);
INSERT INTO `productinfo` VALUES (4, 6, 0, 1, '半球彩色摄像机', '半球彩色摄像机简介半球彩色摄像机简介半球彩色摄像机简介半球彩色摄像机简介', '<br />\r\n<img alt="" width="726" height="857" src="/upload/other/3227569107.jpg" />', '', 1, 1, '2011-12-02 00:28:34', '2011-12-04 11:44:49', '0000-00-00 00:00:00', 0);
INSERT INTO `productinfo` VALUES (5, 17, 0, 1, '红外半球摄像机', '红外半球摄像机简介红外半球摄像机简介红外半球摄像机简介红外半球摄像机简介红外半球摄像机简介红外半球摄像机简介红外半球摄像机简介红外半球摄像机简介红外半球摄像机简介红外半球摄像机简介', '<br />\r\n<img width="738" height="884" alt="" src="/upload/other/3229820532.jpg" />', '', 1, 1, '2011-12-04 14:56:18', '2011-12-04 15:00:52', '0000-00-00 00:00:00', 0);
INSERT INTO `productinfo` VALUES (6, 17, 0, 1, '红外半球摄像机', '红外半球摄像机简介红外半球摄像机简介红外半球摄像机简介红外半球摄像机简介红外半球摄像机简介红外半球摄像机简介红外半球摄像机简介红外半球摄像机简介', '<p><br />\r\n<img width="725" height="886" alt="" src="/upload/other/3229823044.jpg" /></p>', '', 1, 1, '2011-12-04 15:04:37', '2011-12-04 15:05:08', '0000-00-00 00:00:00', 0);
INSERT INTO `productinfo` VALUES (7, 22, 0, 1, '红外防水摄像机', '红外防水摄像机简介红外防水摄像机简介红外防水摄像机简介红外防水摄像机简介红外防水摄像机简介红外防水摄像机简介红外防水摄像机简介红外防水摄像机简介红外防水摄像机简介', '<br />\r\n<img width="760" height="866" alt="" src="/upload/other/3229824366.jpg" />', '', 1, 1, '2011-12-04 15:06:40', '2011-12-04 15:07:09', '0000-00-00 00:00:00', 0);
INSERT INTO `productinfo` VALUES (8, 22, 0, 1, '红外防水摄像机', '红外防水摄像机简介红外防水摄像机简介红外防水摄像机简介红外防水摄像机简介红外防水摄像机简介红外防水摄像机简介红外防水摄像机简介红外防水摄像机简介红外防水摄像机简介', '<br />\r\n<img width="773" height="870" alt="" src="/upload/other/3229825646.jpg" />', '', 1, 1, '2011-12-04 15:09:01', '2011-12-04 15:09:23', '0000-00-00 00:00:00', 0);

-- --------------------------------------------------------

-- 
-- 表的结构 `productpic`
-- 

CREATE TABLE `productpic` (
  `id_prodpic` int(11) NOT NULL auto_increment,
  `id_prodinfo` int(11) NOT NULL,
  `id_hr` int(11) NOT NULL,
  `title` varchar(250) NOT NULL,
  `intro` text NOT NULL,
  `url` varchar(250) NOT NULL,
  `opicname` varchar(250) NOT NULL,
  `spicname` varchar(250) NOT NULL,
  `dele` int(1) NOT NULL default '1',
  `type` varchar(3) NOT NULL,
  `indate` datetime NOT NULL,
  `modate` datetime NOT NULL,
  `deldate` datetime NOT NULL,
  `browsecount` int(11) NOT NULL,
  PRIMARY KEY  (`id_prodpic`)
) ENGINE=MyISAM  DEFAULT CHARSET=utf8 AUTO_INCREMENT=108 ;

-- 
-- 导出表中的数据 `productpic`
-- 

INSERT INTO `productpic` VALUES (85, 25, 1, '', '', '', '1321872816.jpg', '', 1, 'JPG', '2011-11-21 18:53:36', '0000-00-00 00:00:00', '0000-00-00 00:00:00', 0);
INSERT INTO `productpic` VALUES (89, 29, 1, '', '', '', '1321873339.jpg', '', 1, 'JPG', '2011-11-21 19:02:19', '0000-00-00 00:00:00', '0000-00-00 00:00:00', 0);
INSERT INTO `productpic` VALUES (84, 24, 1, '', '', '', '1321872498.jpg', '', 1, 'JPG', '2011-11-21 18:48:18', '0000-00-00 00:00:00', '0000-00-00 00:00:00', 0);
INSERT INTO `productpic` VALUES (81, 22, 1, '', '', '', '1321871880.jpg', '', 1, 'JPG', '2011-11-21 18:38:00', '0000-00-00 00:00:00', '0000-00-00 00:00:00', 0);
INSERT INTO `productpic` VALUES (90, 30, 1, '', '', '', '1321873431.jpg', '', 1, 'JPG', '2011-11-21 19:03:51', '0000-00-00 00:00:00', '0000-00-00 00:00:00', 0);
INSERT INTO `productpic` VALUES (78, 19, 1, '', '', '', '1321865211.jpg', '', 1, 'JPG', '2011-11-21 16:46:51', '0000-00-00 00:00:00', '0000-00-00 00:00:00', 0);
INSERT INTO `productpic` VALUES (77, 18, 1, '', '', '', '1321864910.jpg', '', 1, 'JPG', '2011-11-21 16:41:50', '0000-00-00 00:00:00', '0000-00-00 00:00:00', 0);
INSERT INTO `productpic` VALUES (76, 17, 1, '', '', '', '1321864701.jpg', '', 1, 'JPG', '2011-11-21 16:38:21', '0000-00-00 00:00:00', '0000-00-00 00:00:00', 0);
INSERT INTO `productpic` VALUES (75, 16, 1, '', '', '', '1321864220.jpg', '', 1, 'JPG', '2011-11-21 16:30:20', '0000-00-00 00:00:00', '0000-00-00 00:00:00', 0);
INSERT INTO `productpic` VALUES (74, 15, 1, '', '', '', '1321864067.jpg', '', 1, 'JPG', '2011-11-21 16:27:47', '0000-00-00 00:00:00', '0000-00-00 00:00:00', 0);
INSERT INTO `productpic` VALUES (79, 20, 1, '', '', '', '1321871118.jpg', '', 1, 'JPG', '2011-11-21 18:25:18', '0000-00-00 00:00:00', '0000-00-00 00:00:00', 0);
INSERT INTO `productpic` VALUES (88, 28, 1, '', '', '', '1321873250.jpg', '', 1, 'JPG', '2011-11-21 19:00:50', '0000-00-00 00:00:00', '0000-00-00 00:00:00', 0);
INSERT INTO `productpic` VALUES (80, 21, 1, '', '', '', '1321871428.jpg', '', 1, 'JPG', '2011-11-21 18:30:28', '0000-00-00 00:00:00', '0000-00-00 00:00:00', 0);
INSERT INTO `productpic` VALUES (86, 26, 1, '', '', '', '1321873012.jpg', '', 1, 'JPG', '2011-11-21 18:56:52', '0000-00-00 00:00:00', '0000-00-00 00:00:00', 0);
INSERT INTO `productpic` VALUES (87, 27, 1, '', '', '', '1321873138.jpg', '', 1, 'JPG', '2011-11-21 18:58:58', '0000-00-00 00:00:00', '0000-00-00 00:00:00', 0);
INSERT INTO `productpic` VALUES (82, 23, 1, '', '', '', '1321872201.jpg', '', 1, 'JPG', '2011-11-21 18:43:21', '0000-00-00 00:00:00', '0000-00-00 00:00:00', 0);
INSERT INTO `productpic` VALUES (83, 23, 1, '', '', '', '1321872206.jpg', '', 1, 'JPG', '2011-11-21 18:43:26', '0000-00-00 00:00:00', '0000-00-00 00:00:00', 0);
INSERT INTO `productpic` VALUES (91, 31, 1, '', '', '', '1321873575.jpg', '', 1, 'JPG', '2011-11-21 19:06:15', '0000-00-00 00:00:00', '0000-00-00 00:00:00', 0);
INSERT INTO `productpic` VALUES (92, 32, 1, '', '', '', '1321873765.jpg', '', 1, 'JPG', '2011-11-21 19:09:25', '0000-00-00 00:00:00', '0000-00-00 00:00:00', 0);
INSERT INTO `productpic` VALUES (93, 33, 1, '', '', '', '1321873876.jpg', '', 1, 'JPG', '2011-11-21 19:11:16', '0000-00-00 00:00:00', '0000-00-00 00:00:00', 0);
INSERT INTO `productpic` VALUES (94, 34, 1, '', '', '', '1321874050.jpg', '', 1, 'JPG', '2011-11-21 19:14:10', '0000-00-00 00:00:00', '0000-00-00 00:00:00', 0);
INSERT INTO `productpic` VALUES (95, 35, 1, '', '', '', '1321874167.jpg', '', 1, 'JPG', '2011-11-21 19:16:07', '0000-00-00 00:00:00', '0000-00-00 00:00:00', 0);
INSERT INTO `productpic` VALUES (96, 36, 1, '', '', '', '1321874268.jpg', '', 1, 'JPG', '2011-11-21 19:17:48', '0000-00-00 00:00:00', '0000-00-00 00:00:00', 0);
INSERT INTO `productpic` VALUES (97, 37, 1, '', '', '', '1321874387.jpg', '', 1, 'JPG', '2011-11-21 19:19:47', '0000-00-00 00:00:00', '0000-00-00 00:00:00', 0);
INSERT INTO `productpic` VALUES (98, 38, 1, '', '', '', '1321874485.jpg', '', 1, 'JPG', '2011-11-21 19:21:25', '0000-00-00 00:00:00', '0000-00-00 00:00:00', 0);
INSERT INTO `productpic` VALUES (100, 1, 1, '', '', '', '1322751727.jpg', '', 1, 'JPG', '2011-12-01 23:02:07', '0000-00-00 00:00:00', '0000-00-00 00:00:00', 0);
INSERT INTO `productpic` VALUES (101, 2, 1, '', '', '', '1322756286.jpg', '', 1, 'JPG', '2011-12-02 00:18:06', '0000-00-00 00:00:00', '0000-00-00 00:00:00', 0);
INSERT INTO `productpic` VALUES (102, 3, 1, '', '', '', '1322756720.jpg', '', 1, 'JPG', '2011-12-02 00:25:20', '0000-00-00 00:00:00', '0000-00-00 00:00:00', 0);
INSERT INTO `productpic` VALUES (103, 4, 1, '', '', '', '1322756927.jpg', '', 1, 'JPG', '2011-12-02 00:28:47', '0000-00-00 00:00:00', '0000-00-00 00:00:00', 0);
INSERT INTO `productpic` VALUES (104, 5, 1, '', '', '', '1322981815.jpg', '', 1, 'JPG', '2011-12-04 14:56:55', '0000-00-00 00:00:00', '0000-00-00 00:00:00', 0);
INSERT INTO `productpic` VALUES (105, 6, 1, '', '', '', '1322982307.jpg', '', 1, 'JPG', '2011-12-04 15:05:07', '0000-00-00 00:00:00', '0000-00-00 00:00:00', 0);
INSERT INTO `productpic` VALUES (106, 7, 1, '', '', '', '1322982417.jpg', '', 1, 'JPG', '2011-12-04 15:06:57', '0000-00-00 00:00:00', '0000-00-00 00:00:00', 0);
INSERT INTO `productpic` VALUES (107, 8, 1, '', '', '', '1322982552.jpg', '', 1, 'JPG', '2011-12-04 15:09:12', '0000-00-00 00:00:00', '0000-00-00 00:00:00', 0);
INSERT INTO `productpic` VALUES (68, 9, 1, '', '', '', '1321862784.jpg', '', 1, 'JPG', '2011-11-21 16:06:24', '0000-00-00 00:00:00', '0000-00-00 00:00:00', 0);
INSERT INTO `productpic` VALUES (69, 10, 1, '', '', '', '1321863094.jpg', '', 1, 'JPG', '2011-11-21 16:11:34', '0000-00-00 00:00:00', '0000-00-00 00:00:00', 0);
INSERT INTO `productpic` VALUES (70, 11, 1, '', '', '', '1321863285.jpg', '', 1, 'JPG', '2011-11-21 16:14:45', '0000-00-00 00:00:00', '0000-00-00 00:00:00', 0);
INSERT INTO `productpic` VALUES (71, 12, 1, '', '', '', '1321863412.jpg', '', 1, 'JPG', '2011-11-21 16:16:52', '0000-00-00 00:00:00', '0000-00-00 00:00:00', 0);
INSERT INTO `productpic` VALUES (72, 13, 1, '', '', '', '1321863738.jpg', '', 1, 'JPG', '2011-11-21 16:22:18', '0000-00-00 00:00:00', '0000-00-00 00:00:00', 0);
INSERT INTO `productpic` VALUES (73, 14, 1, '', '', '', '1321863901.jpg', '', 1, 'JPG', '2011-11-21 16:25:01', '0000-00-00 00:00:00', '0000-00-00 00:00:00', 0);
INSERT INTO `productpic` VALUES (99, 39, 1, '', '', '', '1321874646.jpg', '', 1, 'JPG', '2011-11-21 19:24:06', '0000-00-00 00:00:00', '0000-00-00 00:00:00', 0);

-- --------------------------------------------------------

-- 
-- 表的结构 `siteset`
-- 

CREATE TABLE `siteset` (
  `id_siteset` int(11) NOT NULL auto_increment,
  `lang` int(1) NOT NULL default '1',
  `title` text NOT NULL,
  `keywords` text NOT NULL,
  `description` text NOT NULL,
  `otherheader` text NOT NULL,
  `iscopy` int(1) NOT NULL default '0',
  `rmailbox` varchar(50) NOT NULL,
  `smailbox` varchar(50) NOT NULL,
  `smailboxpass` varchar(50) NOT NULL,
  `icp` varchar(25) NOT NULL,
  `mapcode` text NOT NULL,
  `statistics` text NOT NULL,
  PRIMARY KEY  (`id_siteset`)
) ENGINE=MyISAM  DEFAULT CHARSET=utf8 AUTO_INCREMENT=2 ;

-- 
-- 导出表中的数据 `siteset`
-- 

INSERT INTO `siteset` VALUES (1, 1, '特拇斯安防系统', '特拇斯安防系统', '特拇斯安防系统', '', 0, '', '', '', '', '', '');

-- --------------------------------------------------------

-- 
-- 表的结构 `title`
-- 

CREATE TABLE `title` (
  `id_title` int(11) NOT NULL auto_increment,
  `title` varchar(25) NOT NULL,
  `lang` int(1) NOT NULL default '1',
  PRIMARY KEY  (`id_title`)
) ENGINE=MyISAM  DEFAULT CHARSET=utf8 AUTO_INCREMENT=16 ;

-- 
-- 导出表中的数据 `title`
-- 

INSERT INTO `title` VALUES (15, 'q', 1);

-- --------------------------------------------------------

-- 
-- 表的结构 `webmenu`
-- 

CREATE TABLE `webmenu` (
  `id_webmenu` int(11) NOT NULL auto_increment,
  `lang` int(1) NOT NULL default '1',
  `name` varchar(25) NOT NULL,
  `url` text NOT NULL,
  `dele` int(1) NOT NULL default '1',
  `fatherid` int(11) NOT NULL,
  `level` int(1) NOT NULL,
  `ordernum` int(11) NOT NULL,
  PRIMARY KEY  (`id_webmenu`)
) ENGINE=MyISAM  DEFAULT CHARSET=utf8 AUTO_INCREMENT=14 ;

-- 
-- 导出表中的数据 `webmenu`
-- 

INSERT INTO `webmenu` VALUES (1, 1, '网站首页', '/', 1, 0, 1, 9);
INSERT INTO `webmenu` VALUES (2, 1, '公司简介', '/about/aboutus.php', 1, 0, 1, 8);
INSERT INTO `webmenu` VALUES (3, 1, '产品展示', '/product/index.php', 1, 0, 1, 7);
INSERT INTO `webmenu` VALUES (4, 1, '公司新闻', '/news/index.php', 1, 0, 1, 6);
INSERT INTO `webmenu` VALUES (5, 1, '成功案例', '/case/index.php', 1, 0, 1, 5);
INSERT INTO `webmenu` VALUES (8, 1, '下载中心', '/download/index.php', 1, 0, 1, 4);
INSERT INTO `webmenu` VALUES (11, 1, '人力资源', '/hr/index.php', 1, 0, 1, 3);
INSERT INTO `webmenu` VALUES (12, 1, '售后服务', '/about/sale.php', 1, 0, 1, 2);
INSERT INTO `webmenu` VALUES (13, 1, '联系我们', '/about/contactus.php', 1, 0, 1, 1);
